Timestamp,HeadX,HeadY,HeadZ, HeadRX, HeadRY, HeadRZ, RightHandx,RightHandy,RightHandz,RightHandRX,RightHandRY,RightHandRZLeftHandx,LeftHandy,LeftHandz,LeftHandRX,LeftHandRY,LeftHandRZ,ActionPoints,Action,GazeTarget
2019-07-31T20:30:07.9967940,0.2042867,0.8754269,1.679064,354.3517,101.8998,358.7919,-1.35,-0.006,0.584,-1.516607E-21,180,0,-1.35,-0.006,0.584,0,180,0,,Glass (2)
2019-07-31T20:30:10.2923080,0.2042867,0.8754269,1.679064,354.3517,101.8998,358.7919,-1.35,-0.006,0.584,-1.516607E-21,180,0,-1.35,-0.006,0.584,0,180,0,,Glass (2)
2019-07-31T20:30:12.3856810,0.204286,0.8754328,1.679066,354.3517,101.8998,358.7924,-1.35,-0.006,0.584,-1.516607E-21,180,0,0.07579803,0.8851309,1.676603,0,180,0,,Glass (2)
2019-07-31T20:30:12.5402810,0.2042445,0.8753521,1.679083,354.34,101.8913,358.7906,-1.35,-0.006,0.584,-1.516607E-21,180,0,0.07598674,0.8850086,1.676677,0,180,0,,Glass (2)
2019-07-31T20:30:12.5682010,0.2043687,0.8754795,1.679043,354.3499,101.8979,358.7899,-1.35,-0.006,0.584,-1.516607E-21,180,0,0.07522559,0.88467,1.676601,0,180,0,,Glass (2)
2019-07-31T20:30:12.5901500,0.2043895,0.8755576,1.679063,354.344,101.8909,358.7999,-1.35,-0.006,0.584,-1.516607E-21,180,0,0.0752753,0.884751,1.676598,0,180,0,,Glass (2)
2019-07-31T20:30:12.6051030,0.204427,0.8756269,1.679071,354.3531,101.8956,358.7883,-1.35,-0.006,0.584,-1.516607E-21,180,0,0.07512009,0.88451,1.676438,0,180,0,,Glass (2)
2019-07-31T20:30:12.6200620,0.2044398,0.8756175,1.679078,354.3585,101.9026,358.7961,-1.35,-0.006,0.584,-1.516607E-21,180,0,0.0752089,0.8847063,1.676437,0,180,0,,Glass (2)
2019-07-31T20:30:12.6360190,0.2043284,0.8754148,1.679032,354.3476,101.9017,358.7949,-1.35,-0.006,0.584,-1.516607E-21,180,0,0.07499683,0.8845224,1.676429,0,180,0,,Glass (2)
2019-07-31T20:30:12.6509790,0.2043254,0.8754044,1.679058,354.3408,101.902,358.7919,-1.35,-0.006,0.584,-1.516607E-21,180,0,0.07524502,0.8846401,1.676487,0,180,0,,Glass (2)
2019-07-31T20:30:12.6699290,0.2043304,0.8754515,1.679063,354.3466,101.8924,358.7903,-1.35,-0.006,0.584,-1.516607E-21,180,0,0.07493567,0.8842966,1.676472,0,180,0,,Glass (2)
2019-07-31T20:30:12.6888790,0.2042843,0.8754641,1.679075,354.3454,101.8939,358.7855,-1.35,-0.006,0.584,-1.516607E-21,180,0,0.07508087,0.8843653,1.676513,0,180,0,,Glass (2)
2019-07-31T20:30:12.7058330,0.2043097,0.8755652,1.679085,354.351,101.8956,358.799,-1.35,-0.006,0.584,-1.516607E-21,180,0,0.07505822,0.8843527,1.676523,0,180,0,,Glass (2)
2019-07-31T20:30:12.7217900,0.2043208,0.875532,1.679099,354.3488,101.8956,358.7967,-1.35,-0.006,0.584,-1.516607E-21,180,0,0.07523012,0.8846191,1.676546,0,180,0,,Glass (2)
2019-07-31T20:30:12.7367500,0.2042662,0.8754176,1.679049,354.3466,101.9088,358.7937,-1.35,-0.006,0.584,-1.516607E-21,180,0,0.07522547,0.8846048,1.676539,0,180,0,,Glass (2)
2019-07-31T20:30:12.7527090,0.2042593,0.8754248,1.679008,354.3509,101.8952,358.7839,-1.35,-0.006,0.584,-1.516607E-21,180,0,0.07532191,0.8846774,1.67655,0,180,0,,Glass (2)
2019-07-31T20:30:12.7666700,0.2042829,0.8754783,1.679016,354.3437,101.8924,358.7902,-1.35,-0.006,0.584,-1.516607E-21,180,0,0.07506347,0.8843988,1.676506,0,180,0,,Glass (2)
2019-07-31T20:30:12.7821420,0.2043409,0.8754813,1.679008,354.345,101.8882,358.7939,-1.35,-0.006,0.584,-1.516607E-21,180,0,0.07521212,0.8845298,1.67656,0,180,0,,Glass (2)
2019-07-31T20:30:12.7981010,0.2043943,0.8755315,1.679027,354.344,101.8926,358.7966,-1.35,-0.006,0.584,-1.516607E-21,180,0,0.07521486,0.8845216,1.676557,0,180,0,,Glass (2)
2019-07-31T20:30:12.8130590,0.2043701,0.8755485,1.679056,354.3477,101.8944,358.7919,-1.35,-0.006,0.584,-1.516607E-21,180,0,0.07518339,0.8844844,1.676589,0,180,0,,Glass (2)
2019-07-31T20:30:12.8290180,0.2042978,0.8754093,1.679039,354.3366,101.8974,358.7882,-1.35,-0.006,0.584,-1.516607E-21,180,0,0.07518947,0.8844836,1.676605,0,180,0,,Glass (2)
2019-07-31T20:30:12.8429790,0.2043003,0.875408,1.67905,354.3367,101.8958,358.7963,-1.35,-0.006,0.584,-1.516607E-21,180,0,0.07508647,0.884295,1.676474,0,180,0,,Glass (2)
2019-07-31T20:30:12.8559450,0.2042919,0.875455,1.679052,354.3575,101.8971,358.7871,-1.35,-0.006,0.584,-1.516607E-21,180,0,0.07517612,0.8844434,1.67651,0,180,0,,Glass (2)
2019-07-31T20:30:12.9157850,0.204325,0.875545,1.679086,354.354,101.8921,358.8038,-1.35,-0.006,0.584,-1.516607E-21,180,0,0.07516396,0.8843995,1.676529,0,180,0,,Glass (2)
2019-07-31T20:30:12.9905870,0.2043079,0.8755449,1.67911,354.3439,101.8963,358.7993,-1.35,-0.006,0.584,-1.516607E-21,180,0,0.07509446,0.8843844,1.676502,0,180,0,,Glass (2)
2019-07-31T20:30:13.0085370,0.2043635,0.8756672,1.679117,354.3538,101.9025,358.7896,-1.35,-0.006,0.584,-1.516607E-21,180,0,0.07504261,0.8843475,1.676531,0,180,0,,Glass (2)
2019-07-31T20:30:13.0234970,0.2042819,0.8754559,1.679042,354.3532,101.8953,358.7858,-1.35,-0.006,0.584,-1.516607E-21,180,0,0.07513511,0.8844568,1.676554,0,180,0,,Glass (2)
2019-07-31T20:30:13.0394560,0.2042558,0.8753659,1.679035,354.3527,101.8936,358.7914,-1.35,-0.006,0.584,-1.516607E-21,180,0,0.07495904,0.8842592,1.676549,0,180,0,,Glass (2)
2019-07-31T20:30:13.0554110,0.20425,0.8753693,1.679043,354.352,101.8976,358.7923,-1.35,-0.006,0.584,-1.516607E-21,180,0,0.07499528,0.8843609,1.676566,0,180,0,,Glass (2)
2019-07-31T20:30:13.0713680,0.2043016,0.8754658,1.679067,354.3521,101.9027,358.7892,-1.35,-0.006,0.584,-1.516607E-21,180,0,0.07503855,0.8844061,1.676579,0,180,0,,Glass (2)
2019-07-31T20:30:13.0863300,0.2043141,0.8754659,1.6791,354.3501,101.8973,358.7946,-1.35,-0.006,0.584,-1.516607E-21,180,0,0.07496262,0.8843712,1.676561,0,180,0,,Glass (2)
2019-07-31T20:30:13.1032850,0.20439,0.8756049,1.679135,354.3568,101.8962,358.7991,-1.35,-0.006,0.584,-1.516607E-21,180,0,0.07480025,0.8842137,1.676512,0,180,0,,Glass (2)
2019-07-31T20:30:13.1202380,0.2043689,0.8756114,1.679138,354.3552,101.8937,358.7987,-1.35,-0.006,0.584,-1.516607E-21,180,0,0.07510507,0.8844738,1.676589,0,180,0,,Glass (2)
2019-07-31T20:30:13.1401860,0.2043389,0.8755805,1.679153,354.3545,101.9,358.7961,-1.35,-0.006,0.584,-1.516607E-21,180,0,0.07504082,0.8843964,1.676501,0,180,0,,Glass (2)
2019-07-31T20:30:13.1581430,0.2043704,0.8755915,1.679117,354.3556,101.8935,358.7973,-1.35,-0.006,0.584,-1.516607E-21,180,0,0.07533228,0.8847056,1.676534,0,180,0,,Glass (2)
2019-07-31T20:30:13.1751010,0.2043539,0.875567,1.679109,354.3524,101.8898,358.7982,-1.35,-0.006,0.584,-1.516607E-21,180,0,0.07538104,0.8847437,1.676499,0,180,0,,Glass (2)
2019-07-31T20:30:13.1940410,0.2043909,0.8755617,1.679078,354.3463,101.889,358.7858,-1.35,-0.006,0.584,-1.516607E-21,180,0,0.0755136,0.8847649,1.676525,0,180,0,,Glass (2)
2019-07-31T20:30:13.2099980,0.2043386,0.8755128,1.679079,354.3557,101.8935,358.7945,-1.35,-0.006,0.584,-1.516607E-21,180,0,0.07534242,0.8846355,1.676577,0,180,0,,Glass (2)
2019-07-31T20:30:13.2269610,0.2043284,0.8755035,1.67909,354.3487,101.8905,358.7988,-1.35,-0.006,0.584,-1.516607E-21,180,0,0.07536626,0.8846974,1.676561,0,180,0,,Glass (2)
2019-07-31T20:30:13.2439070,0.204347,0.8755358,1.679073,354.361,101.8863,358.7969,-1.35,-0.006,0.584,-1.516607E-21,180,0,0.07535696,0.8846077,1.676434,0,180,0,,Glass (2)
2019-07-31T20:30:13.2618600,0.204378,0.8755208,1.679092,354.3499,101.9123,358.7898,-1.35,-0.006,0.584,-1.516607E-21,180,0,0.07548332,0.8848715,1.67639,0,180,0,,Glass (2)
2019-07-31T20:30:13.2778170,0.2043086,0.8754062,1.679108,354.3569,101.8965,358.7902,-1.35,-0.006,0.584,-1.516607E-21,180,0,0.07544911,0.8849757,1.676629,0,180,0,,Glass (2)
2019-07-31T20:30:13.2957690,0.204312,0.8754077,1.679102,354.3586,101.8955,358.7993,-1.35,-0.006,0.584,-1.516607E-21,180,0,0.07551837,0.8850011,1.676641,0,180,0,,Glass (2)
2019-07-31T20:30:13.3127240,0.2043505,0.8752816,1.679004,354.352,101.887,358.7975,-1.35,-0.006,0.584,-1.516607E-21,180,0,0.07564127,0.8850421,1.676547,0,180,0,,Glass (2)
2019-07-31T20:30:13.3286810,0.2043505,0.875288,1.679039,354.3582,101.9037,358.7938,-1.35,-0.006,0.584,-1.516607E-21,180,0,0.07567215,0.8850555,1.676524,0,180,0,,Glass (2)
2019-07-31T20:30:13.3446410,0.2043885,0.8753729,1.679002,354.3457,101.8966,358.7984,-1.35,-0.006,0.584,-1.516607E-21,180,0,0.07583117,0.8851543,1.676427,0,180,0,,Glass (2)
2019-07-31T20:30:13.3625900,0.2044324,0.8753919,1.678976,354.3527,101.8888,358.7951,-1.35,-0.006,0.584,-1.516607E-21,180,0,0.07571471,0.8849995,1.676324,0,180,0,,Glass (2)
2019-07-31T20:30:13.3815410,0.2044729,0.8755434,1.67904,354.3622,101.8925,358.7982,-1.35,-0.006,0.584,-1.516607E-21,180,0,0.07543719,0.8846734,1.676383,0,180,0,,Glass (2)
2019-07-31T20:30:13.3994910,0.2044822,0.8755532,1.679085,354.3518,101.9056,358.787,-1.35,-0.006,0.584,-1.516607E-21,180,0,0.07559478,0.8847347,1.676345,0,180,0,,Glass (2)
2019-07-31T20:30:13.4184410,0.2044667,0.8755544,1.679073,354.3533,101.9056,358.7784,-1.35,-0.006,0.584,-1.516607E-21,180,0,0.07560301,0.8849467,1.676586,0,180,0,,Glass (2)
2019-07-31T20:30:13.4423770,0.2044402,0.8755851,1.679115,354.357,101.8827,358.8019,-1.35,-0.006,0.584,-1.516607E-21,180,0,0.07541192,0.8847824,1.676619,0,180,0,,Glass (2)
2019-07-31T20:30:13.4643180,0.204409,0.8755223,1.679151,354.36,101.9052,358.7998,-1.35,-0.006,0.584,-1.516607E-21,180,0,0.07569301,0.8851414,1.67671,0,180,0,,Glass (2)
2019-07-31T20:30:13.4862610,0.204356,0.875522,1.679146,354.3658,101.9028,358.7901,-1.35,-0.006,0.584,-1.516607E-21,180,0,0.07600629,0.8855169,1.676669,0,180,0,,Glass (2)
2019-07-31T20:30:13.5091980,0.2043213,0.875562,1.67912,354.3553,101.9077,358.7926,-1.35,-0.006,0.584,-1.516607E-21,180,0,0.07598257,0.8855462,1.676753,0,180,0,,Glass (2)
2019-07-31T20:30:13.5301430,0.2042636,0.875436,1.679031,354.3431,101.8963,358.7934,-1.35,-0.006,0.584,-1.516607E-21,180,0,0.07604432,0.8856496,1.676762,0,180,0,,Glass (2)
2019-07-31T20:30:13.5530810,0.2043709,0.8753834,1.679058,354.3575,101.891,358.7928,-1.35,-0.006,0.584,-1.516607E-21,180,0,0.0762881,0.8856221,1.676823,0,180,0,,Glass (2)
2019-07-31T20:30:13.5760220,0.2043813,0.8755081,1.679098,354.3552,101.8939,358.7904,-1.35,-0.006,0.584,-1.516607E-21,180,0,0.07622254,0.8854756,1.676761,0,180,0,,Glass (2)
2019-07-31T20:30:13.5969640,0.2044278,0.8755322,1.679096,354.3539,101.9004,358.795,-1.35,-0.006,0.584,-1.516607E-21,180,0,0.07619298,0.8856592,1.676738,0,180,0,,Glass (2)
2019-07-31T20:30:13.6189050,0.2044188,0.8756508,1.679091,354.3555,101.8988,358.7957,-1.35,-0.006,0.584,-1.516607E-21,180,0,0.07604587,0.8856428,1.67669,0,180,0,,Glass (2)
2019-07-31T20:30:13.6498220,0.204452,0.8756965,1.679037,354.3636,101.8877,358.791,-1.35,-0.006,0.584,-1.516607E-21,180,0,0.07599688,0.885622,1.676657,0,180,0,,Glass (2)
2019-07-31T20:30:13.6677740,0.2045039,0.8756962,1.679071,354.3499,101.8926,358.7912,-1.35,-0.006,0.584,-1.516607E-21,180,0,0.07607746,0.8856747,1.676715,0,180,0,,Glass (2)
2019-07-31T20:30:13.6867240,0.204515,0.8756993,1.679085,354.356,101.9027,358.7917,-1.35,-0.006,0.584,-1.516607E-21,180,0,0.07575071,0.8853553,1.676686,0,180,0,,Glass (2)
2019-07-31T20:30:13.7186380,0.2043825,0.8755017,1.679046,354.3598,101.889,358.7906,-1.35,-0.006,0.584,-1.516607E-21,180,0,0.07568789,0.8852657,1.676613,0,180,0,,Glass (2)
2019-07-31T20:30:13.7345960,0.2043775,0.8754857,1.679054,354.3509,101.8937,358.7936,-1.35,-0.006,0.584,-1.516607E-21,180,0,0.07578421,0.8851934,1.67663,0,180,0,,Glass (2)
2019-07-31T20:30:13.7515510,0.2044107,0.8754534,1.679089,354.3607,101.8985,358.7906,-1.35,-0.006,0.584,-1.516607E-21,180,0,0.07572865,0.8850814,1.676614,0,180,0,,Glass (2)
2019-07-31T20:30:13.7849730,0.2041777,0.8752987,1.679143,354.3528,101.8931,358.7906,-1.35,-0.006,0.584,-1.516607E-21,180,0,0.07567441,0.8852342,1.676875,0,180,0,,Glass (2)
2019-07-31T20:30:13.8019270,0.2042905,0.8753838,1.679112,354.3435,101.885,358.7959,-1.35,-0.006,0.584,-1.516607E-21,180,0,0.07565558,0.8852395,1.676959,0,180,0,,Glass (2)
2019-07-31T20:30:13.8218740,0.2041897,0.8752419,1.679096,354.3565,101.902,358.8075,-1.35,-0.006,0.584,-1.516607E-21,180,0,0.07549226,0.884957,1.676738,0,180,0,,Glass (2)
2019-07-31T20:30:13.8537880,0.2041622,0.8752328,1.67903,354.3568,101.8882,358.8079,-1.35,-0.006,0.584,-1.516607E-21,180,0,0.07533574,0.8846705,1.676533,0,180,0,,Glass (2)
2019-07-31T20:30:13.9046520,0.2042413,0.8753865,1.679076,354.3547,101.9046,358.7865,-1.35,-0.006,0.584,-1.516607E-21,180,0,0.07570732,0.8850461,1.67649,0,180,0,,Glass (2)
2019-07-31T20:30:13.9226040,0.2042407,0.8754252,1.679055,354.3553,101.9017,358.7964,-1.35,-0.006,0.584,-1.516607E-21,180,0,0.07570732,0.8850461,1.67649,0,180,0,,Glass (2)
2019-07-31T20:30:13.9625020,0.2041949,0.8754573,1.67906,354.3603,101.8906,358.797,-1.35,-0.006,0.584,-1.516607E-21,180,0,0.07571256,0.8851495,1.676657,0,180,0,,Glass (2)
2019-07-31T20:30:13.9865330,0.2041569,0.8753326,1.679015,354.3722,101.8949,358.7833,-1.35,-0.006,0.584,-1.516607E-21,180,0,0.07555449,0.884994,1.67664,0,180,0,,Glass (2)
2019-07-31T20:30:14.0180860,0.2042526,0.8754301,1.679048,354.3579,101.8972,358.8011,-1.35,-0.006,0.584,-1.516607E-21,180,0,0.07552922,0.8849311,1.676578,0,180,0,,Glass (2)
2019-07-31T20:30:14.0430260,0.2043965,0.8754346,1.679008,354.3564,101.8889,358.793,-1.35,-0.006,0.584,-1.516607E-21,180,0,0.07570314,0.8850791,1.676648,0,180,0,,Glass (2)
2019-07-31T20:30:14.0639700,0.2043484,0.875379,1.679017,354.3702,101.893,358.7831,-1.35,-0.006,0.584,-1.516607E-21,180,0,0.07569122,0.8851072,1.676653,0,180,0,,Glass (2)
2019-07-31T20:30:14.0869080,0.2042975,0.8753125,1.67897,354.3564,101.8892,358.8078,-1.35,-0.006,0.584,-1.516607E-21,180,0,0.07576632,0.8853265,1.676595,0,180,0,,Glass (2)
2019-07-31T20:30:14.1178260,0.2042736,0.8753268,1.678975,354.3573,101.8941,358.7951,-1.35,-0.006,0.584,-1.516607E-21,180,0,0.07556236,0.8851819,1.676576,0,180,0,,Glass (2)
2019-07-31T20:30:14.1357770,0.204197,0.8752737,1.678993,354.3604,101.9028,358.7848,-1.35,-0.006,0.584,-1.516607E-21,180,0,0.07585657,0.8854075,1.676638,0,180,0,,Glass (2)
2019-07-31T20:30:14.1527330,0.2042512,0.8754032,1.678998,354.3657,101.8988,358.8084,-1.35,-0.006,0.584,-1.516607E-21,180,0,0.07586455,0.8853189,1.676626,0,180,0,,Glass (2)
2019-07-31T20:30:14.1816550,0.2042108,0.8754144,1.678959,354.3586,101.9012,358.8014,-1.35,-0.006,0.584,-1.516607E-21,180,0,0.07571316,0.8851722,1.67662,0,180,0,,Glass (2)
2019-07-31T20:30:14.1976120,0.2042679,0.8755817,1.679,354.3666,101.8829,358.8022,-1.35,-0.006,0.584,-1.516607E-21,180,0,0.07576203,0.8852026,1.676629,0,180,0,,Glass (2)
2019-07-31T20:30:14.2205520,0.2042917,0.8754951,1.679036,354.3533,101.8956,358.7946,-1.35,-0.006,0.584,-1.516607E-21,180,0,0.07607698,0.885568,1.676714,0,180,0,,Glass (2)
2019-07-31T20:30:14.2494740,0.2042922,0.8755048,1.67903,354.3659,101.8921,358.7939,-1.35,-0.006,0.584,-1.516607E-21,180,0,0.07607925,0.8855228,1.67663,0,180,0,,Glass (2)
2019-07-31T20:30:14.2654310,0.2042607,0.8754857,1.67907,354.3563,101.8951,358.7967,-1.35,-0.006,0.584,-1.516607E-21,180,0,0.07609522,0.8855639,1.676605,0,180,0,,Glass (2)
2019-07-31T20:30:14.2883690,0.204212,0.8753427,1.679064,354.3435,101.8849,358.8014,-1.35,-0.006,0.584,-1.516607E-21,180,0,0.07577252,0.8853037,1.676701,0,180,0,,Glass (2)
2019-07-31T20:30:14.3123060,0.2042178,0.875346,1.679079,354.3533,101.8953,358.8009,-1.35,-0.006,0.584,-1.516607E-21,180,0,0.07562876,0.8852066,1.676678,0,180,0,,Glass (2)
2019-07-31T20:30:14.3322530,0.2041925,0.8752931,1.679073,354.3549,101.9036,358.7955,-1.35,-0.006,0.584,-1.516607E-21,180,0,0.07563424,0.8852167,1.676703,0,180,0,,Glass (2)
2019-07-31T20:30:14.3541940,0.2041665,0.8752359,1.679002,354.3531,101.8829,358.7943,-1.35,-0.006,0.584,-1.516607E-21,180,0,0.07540751,0.8849257,1.676663,0,180,0,,Glass (2)
2019-07-31T20:30:14.3781300,0.2042392,0.8752021,1.678948,354.3435,101.8949,358.7974,-1.35,-0.006,0.584,-1.516607E-21,180,0,0.07533431,0.8847498,1.676496,0,180,0,,Glass (2)
2019-07-31T20:30:14.4000730,0.2042619,0.8752187,1.678933,354.3484,101.8916,358.7942,-1.35,-0.006,0.584,-1.516607E-21,180,0,0.0752337,0.8846999,1.676504,0,180,0,,Glass (2)
2019-07-31T20:30:14.4210150,0.2043084,0.8753074,1.678946,354.3469,101.8997,358.7943,-1.35,-0.006,0.584,-1.516607E-21,180,0,0.07543385,0.884823,1.67656,0,180,0,,Glass (2)
2019-07-31T20:30:14.4554430,0.2042361,0.875276,1.678922,354.3522,101.8923,358.7911,-1.35,-0.006,0.584,-1.516607E-21,180,0,0.07537758,0.8846631,1.676526,0,180,0,,Glass (2)
2019-07-31T20:30:14.4704040,0.204206,0.8752517,1.67902,354.3362,101.902,358.7993,-1.35,-0.006,0.584,-1.516607E-21,180,0,0.07509422,0.8843786,1.676581,0,180,0,,Glass (2)
2019-07-31T20:30:14.4963350,0.2042423,0.8753039,1.67898,354.3541,101.8848,358.7943,-1.35,-0.006,0.584,-1.516607E-21,180,0,0.07507086,0.8844795,1.67658,0,180,0,,Glass (2)
2019-07-31T20:30:14.5112990,0.204224,0.8752938,1.678971,354.352,101.8879,358.7932,-1.35,-0.006,0.584,-1.516607E-21,180,0,0.07516992,0.8845279,1.676549,0,180,0,,Glass (2)
2019-07-31T20:30:14.5332370,0.2042035,0.8753249,1.679021,354.3557,101.8952,358.7927,-1.35,-0.006,0.584,-1.516607E-21,180,0,0.07494462,0.8842738,1.676477,0,180,0,,Glass (2)
2019-07-31T20:30:14.5606730,0.2042962,0.8754802,1.679056,354.3565,101.9012,358.8029,-1.35,-0.006,0.584,-1.516607E-21,180,0,0.07507467,0.8844811,1.676514,0,180,0,,Glass (2)
2019-07-31T20:30:14.5776260,0.2043821,0.8754385,1.679031,354.3534,101.8781,358.8088,-1.35,-0.006,0.584,-1.516607E-21,180,0,0.07518125,0.8843728,1.676482,0,180,0,,Glass (2)
2019-07-31T20:30:14.6005650,0.2044631,0.8755916,1.679081,354.3693,101.8907,358.7905,-1.35,-0.006,0.584,-1.516607E-21,180,0,0.07513857,0.8842901,1.676486,0,180,0,,Glass (2)
2019-07-31T20:30:14.6344740,0.2044636,0.875546,1.679148,354.3553,101.8972,358.8058,-1.35,-0.006,0.584,-1.516607E-21,180,0,0.07502842,0.8841159,1.676393,0,180,0,,Glass (2)
2019-07-31T20:30:14.6489460,0.2043983,0.8755749,1.67912,354.3528,101.8994,358.8044,-1.35,-0.006,0.584,-1.516607E-21,180,0,0.07513893,0.8842614,1.676393,0,180,0,,Glass (2)
2019-07-31T20:30:14.6668960,0.2042691,0.8754625,1.679218,354.3579,101.9014,358.7957,-1.35,-0.006,0.584,-1.516607E-21,180,0,0.07512271,0.8843085,1.676657,0,180,0,,Glass (2)
2019-07-31T20:30:14.6928270,0.2041806,0.8753671,1.679199,354.3589,101.9019,358.802,-1.35,-0.006,0.584,-1.516607E-21,180,0,0.07507324,0.8844851,1.676691,0,180,0,,Glass (2)
2019-07-31T20:30:14.7117770,0.2042221,0.8753744,1.679104,354.3607,101.9036,358.8045,-1.35,-0.006,0.584,-1.516607E-21,180,0,0.07493556,0.8843139,1.676487,0,180,0,,Glass (2)
2019-07-31T20:30:14.7347160,0.2042708,0.8754522,1.679067,354.3598,101.9042,358.7985,-1.35,-0.006,0.584,-1.516607E-21,180,0,0.07475543,0.8841169,1.676421,0,180,0,,Glass (2)
2019-07-31T20:30:14.7606470,0.2042648,0.8754449,1.679065,354.3715,101.9059,358.7978,-1.35,-0.006,0.584,-1.516607E-21,180,0,0.07501197,0.8844217,1.676477,0,180,0,,Glass (2)
2019-07-31T20:30:14.7785970,0.2043027,0.875441,1.679054,354.3564,101.8917,358.8042,-1.35,-0.006,0.584,-1.516607E-21,180,0,0.07512081,0.8845191,1.676525,0,180,0,,Glass (2)
2019-07-31T20:30:14.8015350,0.2043772,0.8755571,1.679112,354.365,101.9034,358.7919,-1.35,-0.006,0.584,-1.516607E-21,180,0,0.07511079,0.8845298,1.676591,0,180,0,,Glass (2)
2019-07-31T20:30:14.8354450,0.2042664,0.8754007,1.679016,354.3538,101.8953,358.7897,-1.35,-0.006,0.584,-1.516607E-21,180,0,0.0752188,0.8845202,1.676467,0,180,0,,Glass (2)
2019-07-31T20:30:14.8843150,0.2042322,0.8754039,1.67901,354.3681,101.8907,358.7994,-1.35,-0.006,0.584,-1.516607E-21,180,0,0.07504785,0.884361,1.676485,0,180,0,,Glass (2)
2019-07-31T20:30:14.9002720,0.2041692,0.8751859,1.679018,354.3605,101.9086,358.7918,-1.35,-0.006,0.584,-1.516607E-21,180,0,0.07540619,0.884712,1.676554,0,180,0,,Glass (2)
2019-07-31T20:30:14.9172270,0.2041594,0.875154,1.678975,354.3507,101.8946,358.7961,-1.35,-0.006,0.584,-1.516607E-21,180,0,0.0756377,0.8850269,1.676606,0,180,0,,Glass (2)
2019-07-31T20:30:14.9351800,0.2042688,0.875276,1.67902,354.354,101.8917,358.7881,-1.35,-0.006,0.584,-1.516607E-21,180,0,0.07563102,0.8850229,1.676625,0,180,0,,Glass (2)
2019-07-31T20:30:14.9611120,0.2042229,0.8752054,1.679005,354.3586,101.8863,358.7839,-1.35,-0.006,0.584,-1.516607E-21,180,0,0.07596862,0.8853588,1.676716,0,180,0,,Glass (2)
2019-07-31T20:30:14.9800590,0.2041467,0.8752078,1.67898,354.3528,101.8952,358.7941,-1.35,-0.006,0.584,-1.516607E-21,180,0,0.07596314,0.8854968,1.676737,0,180,0,,Glass (2)
2019-07-31T20:30:15.0020000,0.2043219,0.8752938,1.679018,354.351,101.8873,358.8035,-1.35,-0.006,0.584,-1.516607E-21,180,0,0.07595825,0.8854355,1.676712,0,180,0,,Glass (2)
2019-07-31T20:30:15.0289280,0.2042561,0.8752093,1.678983,354.3551,101.8858,358.7946,-1.35,-0.006,0.584,-1.516607E-21,180,0,0.07623625,0.8853947,1.676751,0,180,0,,Glass (2)
2019-07-31T20:30:15.1436210,0.2042104,0.8752248,1.678976,354.3536,101.8888,358.7959,-1.35,-0.006,0.584,-1.516607E-21,180,0,0.07610226,0.8857006,1.676625,0,180,0,,Glass (2)
2019-07-31T20:30:15.1635700,0.2043763,0.8755723,1.679029,354.3505,101.8889,358.8141,-1.35,-0.006,0.584,-1.516607E-21,180,0,0.07635093,0.8859392,1.676671,0,180,0,,Glass (2)
2019-07-31T20:30:15.1835160,0.2044221,0.875575,1.679044,354.3633,101.8946,358.7921,-1.35,-0.006,0.584,-1.516607E-21,180,0,0.07639122,0.885825,1.676793,0,180,0,,Glass (2)
2019-07-31T20:30:15.2074620,0.204491,0.875627,1.679088,354.3539,101.8986,358.7966,-1.35,-0.006,0.584,-1.516607E-21,180,0,0.07631576,0.885738,1.676736,0,180,0,,Glass (2)
2019-07-31T20:30:15.2313860,0.2045084,0.8756624,1.679098,354.3668,101.8877,358.7997,-1.35,-0.006,0.584,-1.516607E-21,180,0,0.07628334,0.8856976,1.676754,0,180,0,,Glass (2)
2019-07-31T20:30:15.2822540,0.2044946,0.8756676,1.679142,354.3543,101.9004,358.7993,-1.35,-0.006,0.584,-1.516607E-21,180,0,0.07591343,0.8854273,1.676726,0,180,0,,Glass (2)
2019-07-31T20:30:15.2992070,0.2044386,0.8757023,1.679139,354.3579,101.892,358.7863,-1.35,-0.006,0.584,-1.516607E-21,180,0,0.0758388,0.8854862,1.676696,0,180,0,,Glass (2)
2019-07-31T20:30:15.3161610,0.2044109,0.8757198,1.679142,354.3543,101.877,358.8013,-1.35,-0.006,0.584,-1.516607E-21,180,0,0.07534945,0.885001,1.676644,0,180,0,,Glass (2)
2019-07-31T20:30:15.3371050,0.2043473,0.875591,1.679153,354.3542,101.8915,358.8022,-1.35,-0.006,0.584,-1.516607E-21,180,0,0.07536268,0.8850913,1.676629,0,180,0,,Glass (2)
2019-07-31T20:30:15.3640320,0.204295,0.8755321,1.679152,354.3493,101.8937,358.7974,-1.35,-0.006,0.584,-1.516607E-21,180,0,0.07562351,0.8852318,1.676684,0,180,0,,Glass (2)
2019-07-31T20:30:15.3859760,0.2042791,0.8755136,1.679178,354.3558,101.8873,358.7872,-1.35,-0.006,0.584,-1.516607E-21,180,0,0.07560301,0.8850703,1.676604,0,180,0,,Glass (2)
2019-07-31T20:30:15.4109080,0.2041934,0.87537,1.679111,354.3517,101.8819,358.7956,-1.35,-0.006,0.584,-1.516607E-21,180,0,0.07554686,0.8851244,1.676716,0,180,0,,Glass (2)
2019-07-31T20:30:15.4318510,0.2041922,0.8753666,1.679128,354.3441,101.8859,358.7892,-1.35,-0.006,0.584,-1.516607E-21,180,0,0.07571948,0.8852891,1.676794,0,180,0,,Glass (2)
2019-07-31T20:30:15.4517980,0.2042023,0.875412,1.67905,354.3526,101.8905,358.8153,-1.35,-0.006,0.584,-1.516607E-21,180,0,0.07566142,0.8853004,1.676734,0,180,0,,Glass (2)
2019-07-31T20:30:15.4817190,0.2042495,0.8754484,1.678978,354.3569,101.8977,358.7837,-1.35,-0.006,0.584,-1.516607E-21,180,0,0.07549369,0.8850364,1.67654,0,180,0,,Glass (2)
2019-07-31T20:30:15.4966780,0.2041278,0.8752516,1.678932,354.3463,101.9061,358.7877,-1.35,-0.006,0.584,-1.516607E-21,180,0,0.07554352,0.8850189,1.676548,0,180,0,,Glass (2)
2019-07-31T20:30:15.5166250,0.2041537,0.8751987,1.678923,354.3457,101.8892,358.7977,-1.35,-0.006,0.584,-1.516607E-21,180,0,0.07559586,0.88504,1.676585,0,180,0,,Glass (2)
2019-07-31T20:30:15.5435530,0.2042708,0.8753791,1.679011,354.3436,101.8948,358.7956,-1.35,-0.006,0.584,-1.516607E-21,180,0,0.07550037,0.8848761,1.676566,0,180,0,,Glass (2)
2019-07-31T20:30:15.5625010,0.2043382,0.8754327,1.679002,354.3487,101.8856,358.7912,-1.35,-0.006,0.584,-1.516607E-21,180,0,0.07589638,0.8852828,1.676642,0,180,0,,Glass (2)
2019-07-31T20:30:15.5839540,0.2043139,0.875453,1.679018,354.3525,101.9032,358.7964,-1.35,-0.006,0.584,-1.516607E-21,180,0,0.07564449,0.8849613,1.676486,0,180,0,,Glass (2)
2019-07-31T20:30:15.6138730,0.2044086,0.875627,1.679006,354.3596,101.8904,358.7921,-1.35,-0.006,0.584,-1.516607E-21,180,0,0.07558274,0.8849111,1.676546,0,180,0,,Glass (2)
2019-07-31T20:30:15.6298310,0.2043782,0.8755763,1.678969,354.3628,101.8915,358.7995,-1.35,-0.006,0.584,-1.516607E-21,180,0,0.07548821,0.8848792,1.676519,0,180,0,,Glass (2)
2019-07-31T20:30:15.6497780,0.2043821,0.87557,1.679026,354.354,101.895,358.7945,-1.35,-0.006,0.584,-1.516607E-21,180,0,0.07547092,0.8849887,1.676701,0,180,0,,Glass (2)
2019-07-31T20:30:15.6777030,0.20441,0.8756849,1.679113,354.3595,101.9027,358.8004,-1.35,-0.006,0.584,-1.516607E-21,180,0,0.07540607,0.8848738,1.676591,0,180,0,,Glass (2)
2019-07-31T20:30:15.6946590,0.2044377,0.8757588,1.679145,354.3649,101.9108,358.8113,-1.35,-0.006,0.584,-1.516607E-21,180,0,0.07541919,0.8849898,1.676587,0,180,0,,Glass (2)
2019-07-31T20:30:15.7165990,0.2044486,0.8757488,1.679164,354.3627,101.9097,358.7977,-1.35,-0.006,0.584,-1.516607E-21,180,0,0.0753566,0.8848485,1.676524,0,180,0,,Glass (2)
2019-07-31T20:30:15.7425290,0.2044328,0.8756882,1.679162,354.3604,101.9082,358.7894,-1.35,-0.006,0.584,-1.516607E-21,180,0,0.07531059,0.8848339,1.676491,0,180,0,,Glass (2)
2019-07-31T20:30:15.7614790,0.2043868,0.8756084,1.67913,354.3538,101.8944,358.7892,-1.35,-0.006,0.584,-1.516607E-21,180,0,0.07561314,0.8850651,1.676578,0,180,0,,Glass (2)
2019-07-31T20:30:15.7844240,0.2043452,0.8756307,1.679138,354.3696,101.8958,358.7938,-1.35,-0.006,0.584,-1.516607E-21,180,0,0.07558882,0.8850056,1.676576,0,180,0,,Glass (2)
2019-07-31T20:30:15.8123500,0.2042469,0.8753821,1.679141,354.3565,101.8828,358.791,-1.35,-0.006,0.584,-1.516607E-21,180,0,0.07555163,0.8850732,1.676699,0,180,0,,Glass (2)
2019-07-31T20:30:15.8283070,0.204193,0.8752482,1.679122,354.3584,101.8982,358.8024,-1.35,-0.006,0.584,-1.516607E-21,180,0,0.07585311,0.8852673,1.676765,0,180,0,,Glass (2)
2019-07-31T20:30:15.8512460,0.2042154,0.8753213,1.67915,354.3601,101.8944,358.7886,-1.35,-0.006,0.584,-1.516607E-21,180,0,0.07577574,0.8852477,1.676641,0,180,0,,Glass (2)
2019-07-31T20:30:15.8781750,0.2042925,0.8753048,1.679093,354.3614,101.8914,358.7978,-1.35,-0.006,0.584,-1.516607E-21,180,0,0.07574213,0.8852156,1.676611,0,180,0,,Glass (2)
2019-07-31T20:30:15.8961260,0.2042943,0.8752424,1.679102,354.3488,101.9077,358.7833,-1.35,-0.006,0.584,-1.516607E-21,180,0,0.07583451,0.8852774,1.676657,0,180,0,,Glass (2)
2019-07-31T20:30:15.9180680,0.2041572,0.8752694,1.679036,354.3621,101.8929,358.7948,-1.35,-0.006,0.584,-1.516607E-21,180,0,0.07562399,0.8850901,1.676615,0,180,0,,Glass (2)
2019-07-31T20:30:15.9430000,0.2041857,0.8753002,1.678997,354.3461,101.8981,358.789,-1.35,-0.006,0.584,-1.516607E-21,180,0,0.07565653,0.884991,1.67664,0,180,0,,Glass (2)
2019-07-31T20:30:15.9629470,0.2041279,0.8752374,1.67898,354.3506,101.8916,358.7881,-1.35,-0.006,0.584,-1.516607E-21,180,0,0.07569885,0.8850253,1.676628,0,180,0,,Glass (2)
2019-07-31T20:30:16.0098220,0.204197,0.8753752,1.679051,354.3619,101.8972,358.7943,-1.35,-0.006,0.584,-1.516607E-21,180,0,0.07535255,0.8846122,1.67657,0,180,0,,Glass (2)
2019-07-31T20:30:16.0297680,0.2042192,0.8753596,1.679059,354.3651,101.8977,358.7967,-1.35,-0.006,0.584,-1.516607E-21,180,0,0.07543683,0.8848217,1.676595,0,180,0,,Glass (2)
2019-07-31T20:30:16.0467230,0.2042133,0.8752819,1.679015,354.3539,101.8913,358.7951,-1.35,-0.006,0.584,-1.516607E-21,180,0,0.07543683,0.8848217,1.676595,0,180,0,,Glass (2)
2019-07-31T20:30:16.0646750,0.2042266,0.8752393,1.679034,354.3628,101.9077,358.7874,-1.35,-0.006,0.584,-1.516607E-21,180,0,0.07554448,0.8849117,1.676608,0,180,0,,Glass (2)
2019-07-31T20:30:16.0816300,0.2042209,0.875274,1.679018,354.3597,101.8944,358.7933,-1.35,-0.006,0.584,-1.516607E-21,180,0,0.07554758,0.8848993,1.676614,0,180,0,,Glass (2)
2019-07-31T20:30:16.0985840,0.2042099,0.8752437,1.678982,354.3474,101.8816,358.807,-1.35,-0.006,0.584,-1.516607E-21,180,0,0.07560873,0.8849078,1.67659,0,180,0,,Glass (2)
2019-07-31T20:30:16.1205270,0.2041758,0.8751946,1.67895,354.3547,101.8855,358.7853,-1.35,-0.006,0.584,-1.516607E-21,180,0,0.07534742,0.8846473,1.676496,0,180,0,,Glass (2)
2019-07-31T20:30:16.1514420,0.2042476,0.8751853,1.678939,354.3547,101.9,358.8015,-1.35,-0.006,0.584,-1.516607E-21,180,0,0.07557404,0.8848881,1.676502,0,180,0,,Glass (2)
2019-07-31T20:30:16.1693950,0.2043463,0.8752722,1.678913,354.3492,101.8979,358.7891,-1.35,-0.006,0.584,-1.516607E-21,180,0,0.07561672,0.8849288,1.676491,0,180,0,,Glass (2)
2019-07-31T20:30:16.1893410,0.2044293,0.8754078,1.67889,354.3639,101.8893,358.7864,-1.35,-0.006,0.584,-1.516607E-21,180,0,0.07589495,0.8853866,1.676486,0,180,0,,Glass (2)
2019-07-31T20:30:16.2202580,0.2044104,0.8754001,1.67899,354.3528,101.8999,358.7916,-1.35,-0.006,0.584,-1.516607E-21,180,0,0.07605457,0.885591,1.676616,0,180,0,,Glass (2)
2019-07-31T20:30:16.2501790,0.2044489,0.8755121,1.679083,354.3527,101.8979,358.7881,-1.35,-0.006,0.584,-1.516607E-21,180,0,0.07609236,0.8857179,1.676865,0,180,0,,Glass (2)
2019-07-31T20:30:16.2631450,0.2044414,0.8754553,1.67905,354.3547,101.9023,358.7953,-1.35,-0.006,0.584,-1.516607E-21,180,0,0.07609236,0.8857179,1.676865,0,180,0,,Glass (2)
2019-07-31T20:30:16.2791030,0.2044075,0.8754836,1.679067,354.3515,101.8957,358.7942,-1.35,-0.006,0.584,-1.516607E-21,180,0,0.07619989,0.8858753,1.676893,0,180,0,,Glass (2)
2019-07-31T20:30:16.2980530,0.2043833,0.8753785,1.679017,354.353,101.898,358.7849,-1.35,-0.006,0.584,-1.516607E-21,180,0,0.07624936,0.8859276,1.676916,0,180,0,,Glass (2)
2019-07-31T20:30:16.3199930,0.2044643,0.8754378,1.679004,354.3456,101.8913,358.7982,-1.35,-0.006,0.584,-1.516607E-21,180,0,0.07654202,0.8861032,1.676798,0,180,0,,Glass (2)
2019-07-31T20:30:16.3439280,0.2045499,0.8754365,1.679042,354.3524,101.8914,358.8041,-1.35,-0.006,0.584,-1.516607E-21,180,0,0.07669497,0.886067,1.676907,0,180,0,,Glass (2)
2019-07-31T20:30:16.3648740,0.2046936,0.8755784,1.679084,354.3608,101.9085,358.791,-1.35,-0.006,0.584,-1.516607E-21,180,0,0.0768075,0.8861093,1.67694,0,180,0,,Glass (2)
2019-07-31T20:30:16.3878120,0.2045604,0.8755472,1.678927,354.3314,101.8869,358.8147,-1.35,-0.006,0.584,-1.516607E-21,180,0,0.0764097,0.8859887,1.676821,0,180,0,,Glass (2)
2019-07-31T20:30:16.4137420,0.2045437,0.8756053,1.678963,354.3377,101.8984,358.7901,-1.35,-0.006,0.584,-1.516607E-21,180,0,0.07633793,0.885859,1.676634,0,180,0,,Glass (2)
2019-07-31T20:30:16.4316930,0.2043986,0.8754184,1.678975,354.3327,101.8912,358.8015,-1.35,-0.006,0.584,-1.516607E-21,180,0,0.07638252,0.8859057,1.676606,0,180,0,,Glass (2)
2019-07-31T20:30:16.4556300,0.2044145,0.8754677,1.67898,354.3361,101.885,358.7982,-1.35,-0.006,0.584,-1.516607E-21,180,0,0.07625484,0.8858418,1.676653,0,180,0,,Glass (2)
2019-07-31T20:30:16.4775710,0.2043586,0.8754831,1.679039,354.3347,101.8971,358.8001,-1.35,-0.006,0.584,-1.516607E-21,180,0,0.07611454,0.8857728,1.676755,0,180,0,,Glass (2)
2019-07-31T20:30:16.4995130,0.2044171,0.8756337,1.679078,354.3362,101.9029,358.7881,-1.35,-0.006,0.584,-1.516607E-21,180,0,0.07633448,0.8859622,1.676826,0,180,0,,Glass (2)
2019-07-31T20:30:16.5224520,0.204235,0.875333,1.679001,354.3215,101.9017,358.7855,-1.35,-0.006,0.584,-1.516607E-21,180,0,0.07612729,0.8857945,1.676773,0,180,0,,Glass (2)
2019-07-31T20:30:16.5922640,0.2042485,0.875343,1.679029,354.3261,101.8865,358.7947,-1.35,-0.006,0.584,-1.516607E-21,180,0,0.07607543,0.8854877,1.676715,0,180,0,,Glass (2)
2019-07-31T20:30:16.6142060,0.204161,0.8751864,1.678964,354.3351,101.892,358.807,-1.35,-0.006,0.584,-1.516607E-21,180,0,0.07595658,0.8854179,1.67678,0,180,0,,Glass (2)
2019-07-31T20:30:16.6351500,0.2042977,0.8754277,1.679001,354.3315,101.8901,358.8034,-1.35,-0.006,0.584,-1.516607E-21,180,0,0.07574153,0.8851268,1.676685,0,180,0,,Glass (2)
2019-07-31T20:30:16.6590880,0.2042909,0.8754506,1.679022,354.3373,101.8911,358.8004,-1.35,-0.006,0.584,-1.516607E-21,180,0,0.07582629,0.8852841,1.676713,0,180,0,,Glass (2)
2019-07-31T20:30:16.6810280,0.204283,0.8754469,1.67907,354.3414,101.8957,358.796,-1.35,-0.006,0.584,-1.516607E-21,180,0,0.07573831,0.8850785,1.676538,0,180,0,,Glass (2)
2019-07-31T20:30:16.7019720,0.2041987,0.8753236,1.679079,354.3328,101.8984,358.7945,-1.35,-0.006,0.584,-1.516607E-21,180,0,0.07562232,0.8850126,1.67665,0,180,0,,Glass (2)
2019-07-31T20:30:16.7308960,0.2041522,0.8752988,1.679073,354.3401,101.8968,358.7953,-1.35,-0.006,0.584,-1.516607E-21,180,0,0.07556725,0.8850335,1.676626,0,180,0,,Glass (2)
2019-07-31T20:30:16.7478510,0.2041529,0.8753281,1.679061,354.3455,101.9036,358.7861,-1.35,-0.006,0.584,-1.516607E-21,180,0,0.07533705,0.8847993,1.676624,0,180,0,,Glass (2)
2019-07-31T20:30:16.7687920,0.2041308,0.8753168,1.67904,354.3499,101.903,358.7879,-1.35,-0.006,0.584,-1.516607E-21,180,0,0.07523954,0.8847086,1.676585,0,180,0,,Glass (2)
2019-07-31T20:30:16.8007080,0.2041398,0.8752553,1.679038,354.3387,101.8928,358.7843,-1.35,-0.006,0.584,-1.516607E-21,180,0,0.07518435,0.8846655,1.676598,0,180,0,,Glass (2)
2019-07-31T20:30:16.8156690,0.2042183,0.8753756,1.679036,354.3394,101.885,358.8034,-1.35,-0.006,0.584,-1.516607E-21,180,0,0.07498217,0.8844894,1.676539,0,180,0,,Glass (2)
2019-07-31T20:30:16.8376100,0.204255,0.8754285,1.679013,354.3311,101.8873,358.7988,-1.35,-0.006,0.584,-1.516607E-21,180,0,0.07465315,0.8840969,1.676402,0,180,0,,Glass (2)
2019-07-31T20:30:16.8565580,0.2042159,0.8753499,1.67899,354.3438,101.8854,358.7767,-1.35,-0.006,0.584,-1.516607E-21,180,0,0.07482445,0.884183,1.67642,0,180,0,,Glass (2)
2019-07-31T20:30:16.8785010,0.2042183,0.875307,1.679026,354.3349,101.8797,358.7961,-1.35,-0.006,0.584,-1.516607E-21,180,0,0.07525659,0.8846142,1.676473,0,180,0,,Glass (2)
2019-07-31T20:30:16.9014380,0.2042937,0.8754443,1.679123,354.337,101.8998,358.7923,-1.35,-0.006,0.584,-1.516607E-21,180,0,0.07501483,0.8843803,1.676497,0,180,0,,Glass (2)
2019-07-31T20:30:16.9353490,0.2042023,0.8752557,1.679077,354.3342,101.8932,358.7966,-1.35,-0.006,0.584,-1.516607E-21,180,0,0.07505715,0.884274,1.676465,0,180,0,,Glass (2)
2019-07-31T20:30:16.9523020,0.2042562,0.8752127,1.679093,354.3351,101.8863,358.7988,-1.35,-0.006,0.584,-1.516607E-21,180,0,0.07521379,0.8844329,1.676482,0,180,0,,Glass (2)
2019-07-31T20:30:16.9682600,0.2043525,0.8754145,1.679086,354.347,101.8971,358.7859,-1.35,-0.006,0.584,-1.516607E-21,180,0,0.07513714,0.8843917,1.676569,0,180,0,,Glass (2)
2019-07-31T20:30:16.9977160,0.2043766,0.8754435,1.679096,354.3496,101.8925,358.7855,-1.35,-0.006,0.584,-1.516607E-21,180,0,0.07510269,0.8844894,1.676566,0,180,0,,Glass (2)
2019-07-31T20:30:17.0126750,0.2043653,0.875454,1.679055,354.3419,101.8912,358.7897,-1.35,-0.006,0.584,-1.516607E-21,180,0,0.07491636,0.884214,1.676431,0,180,0,,Glass (2)
2019-07-31T20:30:17.0366150,0.2043372,0.8753688,1.679039,354.3365,101.8982,358.7983,-1.35,-0.006,0.584,-1.516607E-21,180,0,0.07487833,0.8841376,1.67642,0,180,0,,Glass (2)
2019-07-31T20:30:17.0635400,0.2043806,0.8754883,1.679056,354.3442,101.9085,358.7869,-1.35,-0.006,0.584,-1.516607E-21,180,0,0.07502961,0.8842241,1.676394,0,180,0,,Glass (2)
2019-07-31T20:30:17.0794960,0.2044338,0.8754767,1.679041,354.3532,101.8864,358.7902,-1.35,-0.006,0.584,-1.516607E-21,180,0,0.07530868,0.8845229,1.676443,0,180,0,,Glass (2)
2019-07-31T20:30:17.1024340,0.2042681,0.8753513,1.679064,354.3414,101.8904,358.7925,-1.35,-0.006,0.584,-1.516607E-21,180,0,0.07536459,0.884591,1.676498,0,180,0,,Glass (2)
2019-07-31T20:30:17.1273680,0.204353,0.8754255,1.679098,354.3266,101.8861,358.7901,-1.35,-0.006,0.584,-1.516607E-21,180,0,0.07540154,0.8847254,1.676505,0,180,0,,Glass (2)
2019-07-31T20:30:17.1473150,0.2043935,0.8754611,1.679088,354.3598,101.8895,358.7919,-1.35,-0.006,0.584,-1.516607E-21,180,0,0.07515132,0.8844957,1.67658,0,180,0,,Glass (2)
2019-07-31T20:30:17.1692560,0.2043946,0.8754685,1.679099,354.3246,101.9009,358.7807,-1.35,-0.006,0.584,-1.516607E-21,180,0,0.07492411,0.8841972,1.676443,0,180,0,,Glass (2)
2019-07-31T20:30:17.1941910,0.2042845,0.875281,1.679047,354.3456,101.8938,358.7762,-1.35,-0.006,0.584,-1.516607E-21,180,0,0.0750767,0.884488,1.676441,0,180,0,,Glass (2)
2019-07-31T20:30:17.2141370,0.2042578,0.8752885,1.679012,354.3455,101.8948,358.7797,-1.35,-0.006,0.584,-1.516607E-21,180,0,0.07503366,0.8843805,1.676411,0,180,0,,Glass (2)
2019-07-31T20:30:17.2360780,0.2042443,0.8752435,1.679028,354.3465,101.9047,358.7992,-1.35,-0.006,0.584,-1.516607E-21,180,0,0.07483995,0.8842242,1.67643,0,180,0,,Glass (2)
2019-07-31T20:30:17.2659970,0.204283,0.8753229,1.679057,354.3332,101.9122,358.777,-1.35,-0.006,0.584,-1.516607E-21,180,0,0.075037,0.8844283,1.67647,0,180,0,,Glass (2)
2019-07-31T20:30:17.2809580,0.2042183,0.8753552,1.679006,354.3372,101.8932,358.7741,-1.35,-0.006,0.584,-1.516607E-21,180,0,0.07498527,0.8844596,1.676468,0,180,0,,Glass (2)
2019-07-31T20:30:17.3029000,0.2041899,0.8752889,1.679021,354.3405,101.904,358.7833,-1.35,-0.006,0.584,-1.516607E-21,180,0,0.07486629,0.884307,1.676443,0,180,0,,Glass (2)
2019-07-31T20:30:17.3278320,0.2041513,0.875266,1.679,354.3365,101.9012,358.7732,-1.35,-0.006,0.584,-1.516607E-21,180,0,0.074844,0.8841646,1.676435,0,180,0,,Glass (2)
2019-07-31T20:30:17.3477800,0.20419,0.8752326,1.679041,354.3232,101.9021,358.7861,-1.35,-0.006,0.584,-1.516607E-21,180,0,0.07514799,0.884431,1.676568,0,180,0,,Glass (2)
2019-07-31T20:30:17.3707200,0.2042085,0.8753714,1.679064,354.3532,101.8991,358.796,-1.35,-0.006,0.584,-1.516607E-21,180,0,0.07487321,0.8840833,1.676513,0,180,0,,Glass (2)
2019-07-31T20:30:17.3936560,0.2041514,0.8753084,1.679044,354.3301,101.8876,358.7825,-1.35,-0.006,0.584,-1.516607E-21,180,0,0.07501841,0.8843089,1.676544,0,180,0,,Glass (2)
2019-07-31T20:30:17.4155990,0.2042118,0.875303,1.679028,354.3393,101.9027,358.775,-1.35,-0.006,0.584,-1.516607E-21,180,0,0.075418,0.8846894,1.676473,0,180,0,,Glass (2)
2019-07-31T20:30:17.4375390,0.2042378,0.8752301,1.679064,354.3462,101.9127,358.7894,-1.35,-0.006,0.584,-1.516607E-21,180,0,0.07533753,0.8846653,1.676563,0,180,0,,Glass (2)
2019-07-31T20:30:17.4664630,0.2043775,0.8754112,1.679091,354.3492,101.9164,358.7809,-1.35,-0.006,0.584,-1.516607E-21,180,0,0.0755111,0.8848462,1.676603,0,180,0,,Glass (2)
2019-07-31T20:30:17.4820040,0.2043681,0.8754441,1.679019,354.3525,101.8966,358.7856,-1.35,-0.006,0.584,-1.516607E-21,180,0,0.07546949,0.8846995,1.676475,0,180,0,,Glass (2)
2019-07-31T20:30:17.5059410,0.2044612,0.8755469,1.679108,354.3269,101.8955,358.7847,-1.35,-0.006,0.584,-1.516607E-21,180,0,0.07535541,0.8845831,1.676536,0,180,0,,Glass (2)
2019-07-31T20:30:17.5278810,0.2044858,0.8755695,1.679064,354.3527,101.8852,358.7863,-1.35,-0.006,0.584,-1.516607E-21,180,0,0.07535172,0.8847072,1.676509,0,180,0,,Glass (2)
2019-07-31T20:30:17.5488260,0.2045151,0.8755773,1.679067,354.3494,101.8894,358.7949,-1.35,-0.006,0.584,-1.516607E-21,180,0,0.07543743,0.8848664,1.6766,0,180,0,,Glass (2)
2019-07-31T20:30:17.5707670,0.2044231,0.8754376,1.679069,354.3365,101.901,358.7818,-1.35,-0.006,0.584,-1.516607E-21,180,0,0.07532024,0.8847219,1.676556,0,180,0,,Glass (2)
2019-07-31T20:30:17.5941440,0.2044914,0.8754931,1.679097,354.3371,101.9092,358.7921,-1.35,-0.006,0.584,-1.516607E-21,180,0,0.07538486,0.8848123,1.676558,0,180,0,,Glass (2)
2019-07-31T20:30:17.6160860,0.2045288,0.8754999,1.679091,354.3427,101.9019,358.7876,-1.35,-0.006,0.584,-1.516607E-21,180,0,0.07546484,0.8848011,1.676553,0,180,0,,Glass (2)
2019-07-31T20:30:17.6390230,0.2045029,0.8755998,1.679189,354.3344,101.8947,358.7809,-1.35,-0.006,0.584,-1.516607E-21,180,0,0.07524705,0.8845214,1.676553,0,180,0,,Glass (2)
2019-07-31T20:30:17.6609650,0.2045504,0.8756249,1.679184,354.3424,101.8992,358.7803,-1.35,-0.006,0.584,-1.516607E-21,180,0,0.07516527,0.8845678,1.676539,0,180,0,,Glass (2)
2019-07-31T20:30:17.6839040,0.2045859,0.875613,1.679207,354.3425,101.888,358.7893,-1.35,-0.006,0.584,-1.516607E-21,180,0,0.07522881,0.8844702,1.676514,0,180,0,,Glass (2)
2019-07-31T20:30:17.7098340,0.2044322,0.8755121,1.67914,354.3417,101.9021,358.7822,-1.35,-0.006,0.584,-1.516607E-21,180,0,0.07502544,0.8843081,1.676552,0,180,0,,Glass (2)
2019-07-31T20:30:17.7277870,0.204404,0.8754604,1.679132,354.3384,101.892,358.7892,-1.35,-0.006,0.584,-1.516607E-21,180,0,0.07501233,0.8844126,1.676587,0,180,0,,Glass (2)
2019-07-31T20:30:17.7507250,0.204342,0.8754709,1.67912,354.3332,101.8984,358.782,-1.35,-0.006,0.584,-1.516607E-21,180,0,0.07508779,0.8845583,1.676621,0,180,0,,Glass (2)
2019-07-31T20:30:17.7776530,0.2043064,0.8753547,1.679059,354.3404,101.8904,358.7834,-1.35,-0.006,0.584,-1.516607E-21,180,0,0.07510221,0.8845585,1.676544,0,180,0,,Glass (2)
2019-07-31T20:30:17.7946080,0.2042876,0.8753561,1.679047,354.3485,101.9132,358.7725,-1.35,-0.006,0.584,-1.516607E-21,180,0,0.07537735,0.8846303,1.676584,0,180,0,,Glass (2)
2019-07-31T20:30:17.8195400,0.2042099,0.8753518,1.679046,354.3453,101.9004,358.7858,-1.35,-0.006,0.584,-1.516607E-21,180,0,0.07537389,0.8846158,1.676504,0,180,0,,Glass (2)
2019-07-31T20:30:17.8524530,0.2043346,0.875438,1.679098,354.3353,101.902,358.7919,-1.35,-0.006,0.584,-1.516607E-21,180,0,0.07531357,0.8845673,1.676536,0,180,0,,Glass (2)
2019-07-31T20:30:17.9053110,0.2043703,0.8754792,1.679063,354.3534,101.9118,358.7854,-1.35,-0.006,0.584,-1.516607E-21,180,0,0.07525516,0.8845279,1.676572,0,180,0,,Glass (2)
2019-07-31T20:30:17.9272650,0.204352,0.8754517,1.679023,354.3334,101.8899,358.7697,-1.35,-0.006,0.584,-1.516607E-21,180,0,0.07535458,0.8847589,1.676618,0,180,0,,Glass (2)
2019-07-31T20:30:17.9511890,0.2043711,0.8754829,1.67907,354.3419,101.8936,358.7841,-1.35,-0.006,0.584,-1.516607E-21,180,0,0.07528734,0.8847756,1.676638,0,180,0,,Glass (2)
2019-07-31T20:30:17.9801130,0.2043658,0.8753996,1.679078,354.3449,101.9071,358.7875,-1.35,-0.006,0.584,-1.516607E-21,180,0,0.07532394,0.884753,1.676533,0,180,0,,Glass (2)
2019-07-31T20:30:18.0000620,0.2042609,0.8752193,1.679,354.3299,101.9026,358.7826,-1.35,-0.006,0.584,-1.516607E-21,180,0,0.07571125,0.8851034,1.676582,0,180,0,,Glass (2)
2019-07-31T20:30:18.0220000,0.2042334,0.8752196,1.678987,354.3452,101.9102,358.7778,-1.35,-0.006,0.584,-1.516607E-21,180,0,0.07553422,0.8848639,1.676546,0,180,0,,Glass (2)
2019-07-31T20:30:18.0549120,0.204311,0.8752277,1.679035,354.3531,101.9012,358.7951,-1.35,-0.006,0.584,-1.516607E-21,180,0,0.0756669,0.8849431,1.676604,0,180,0,,Glass (2)
2019-07-31T20:30:18.0868260,0.20427,0.8751842,1.679036,354.3491,101.8977,358.7897,-1.35,-0.006,0.584,-1.516607E-21,180,0,0.07560647,0.8849271,1.676576,0,180,0,,Glass (2)
2019-07-31T20:30:18.1137550,0.2041692,0.875212,1.678984,354.3439,101.9032,358.7842,-1.35,-0.006,0.584,-1.516607E-21,180,0,0.07563806,0.8849071,1.676592,0,180,0,,Glass (2)
2019-07-31T20:30:18.1337020,0.2041744,0.8752477,1.679025,354.3428,101.8945,358.7855,-1.35,-0.006,0.584,-1.516607E-21,180,0,0.07579386,0.8852298,1.676603,0,180,0,,Glass (2)
2019-07-31T20:30:18.1516530,0.2041217,0.8751697,1.679047,354.3274,101.9102,358.7818,-1.35,-0.006,0.584,-1.516607E-21,180,0,0.07565677,0.8851289,1.676634,0,180,0,,Glass (2)
2019-07-31T20:30:18.1775860,0.2041698,0.8752408,1.679038,354.3366,101.8863,358.7939,-1.35,-0.006,0.584,-1.516607E-21,180,0,0.07554519,0.8850277,1.676592,0,180,0,,Glass (2)
2019-07-31T20:30:18.1975310,0.2042477,0.8753587,1.679061,354.3471,101.9043,358.7913,-1.35,-0.006,0.584,-1.516607E-21,180,0,0.0755564,0.8849446,1.676617,0,180,0,,Glass (2)
2019-07-31T20:30:18.2194720,0.2041734,0.8752806,1.679019,354.3354,101.9062,358.7952,-1.35,-0.006,0.584,-1.516607E-21,180,0,0.07536948,0.8849627,1.676557,0,180,0,,Glass (2)
2019-07-31T20:30:18.2464010,0.2041881,0.8752878,1.679027,354.3572,101.9042,358.789,-1.35,-0.006,0.584,-1.516607E-21,180,0,0.07565308,0.8851564,1.676603,0,180,0,,Glass (2)
2019-07-31T20:30:18.2633550,0.2043152,0.8754616,1.679076,354.3455,101.9083,358.8026,-1.35,-0.006,0.584,-1.516607E-21,180,0,0.07566571,0.8852067,1.676607,0,180,0,,Glass (2)
2019-07-31T20:30:18.2862930,0.2043725,0.8754147,1.679106,354.3562,101.9197,358.7974,-1.35,-0.006,0.584,-1.516607E-21,180,0,0.07578862,0.8852801,1.676665,0,180,0,,Glass (2)
2019-07-31T20:30:18.3202030,0.2042814,0.8753378,1.679117,354.345,101.9086,358.8004,-1.35,-0.006,0.584,-1.516607E-21,180,0,0.07569206,0.8851643,1.676603,0,180,0,,Glass (2)
2019-07-31T20:30:18.3491250,0.2042987,0.8753523,1.679078,354.3556,101.8954,358.7979,-1.35,-0.006,0.584,-1.516607E-21,180,0,0.07573068,0.8852122,1.676608,0,180,0,,Glass (2)
2019-07-31T20:30:18.3620910,0.2043594,0.8754488,1.67909,354.3319,101.8912,358.7873,-1.35,-0.006,0.584,-1.516607E-21,180,0,0.07565892,0.885178,1.676652,0,180,0,,Glass (2)
2019-07-31T20:30:18.3770510,0.2044119,0.8754446,1.679115,354.3408,101.8991,358.7867,-1.35,-0.006,0.584,-1.516607E-21,180,0,0.07552314,0.8849605,1.676644,0,180,0,,Glass (2)
2019-07-31T20:30:18.3979950,0.2044445,0.8754021,1.679148,354.3333,101.9031,358.787,-1.35,-0.006,0.584,-1.516607E-21,180,0,0.07555962,0.8849736,1.676655,0,180,0,,Glass (2)
2019-07-31T20:30:18.4199360,0.2043697,0.8754422,1.679135,354.337,101.9025,358.8,-1.35,-0.006,0.584,-1.516607E-21,180,0,0.0754962,0.8849552,1.676617,0,180,0,,Glass (2)
2019-07-31T20:30:18.4488610,0.2043971,0.8754647,1.679082,354.3566,101.8875,358.7885,-1.35,-0.006,0.584,-1.516607E-21,180,0,0.07532465,0.8847534,1.676511,0,180,0,,Glass (2)
2019-07-31T20:30:18.4648160,0.2043921,0.8754225,1.679137,354.3373,101.9021,358.7874,-1.35,-0.006,0.584,-1.516607E-21,180,0,0.07558048,0.8848792,1.676578,0,180,0,,Glass (2)
2019-07-31T20:30:18.4877560,0.2042395,0.8752817,1.679074,354.3438,101.8982,358.7805,-1.35,-0.006,0.584,-1.516607E-21,180,0,0.07536244,0.8847036,1.676544,0,180,0,,Glass (2)
2019-07-31T20:30:18.5146830,0.2041994,0.8752437,1.679058,354.3381,101.8932,358.7826,-1.35,-0.006,0.584,-1.516607E-21,180,0,0.07575607,0.8851144,1.67665,0,180,0,,Glass (2)
2019-07-31T20:30:18.5316380,0.2043282,0.875423,1.679062,354.3521,101.9033,358.785,-1.35,-0.006,0.584,-1.516607E-21,180,0,0.07577705,0.8851348,1.67665,0,180,0,,Glass (2)
2019-07-31T20:30:18.5555740,0.2043322,0.8754972,1.679075,354.3438,101.9032,358.7668,-1.35,-0.006,0.584,-1.516607E-21,180,0,0.07578623,0.8851122,1.676579,0,180,0,,Glass (2)
2019-07-31T20:30:18.5775150,0.2043971,0.8754565,1.679148,354.3405,101.9124,358.7866,-1.35,-0.006,0.584,-1.516607E-21,180,0,0.07604074,0.8854298,1.676749,0,180,0,,Glass (2)
2019-07-31T20:30:18.5989660,0.2044212,0.8754934,1.679128,354.3485,101.9106,358.7838,-1.35,-0.006,0.584,-1.516607E-21,180,0,0.07608569,0.885433,1.676785,0,180,0,,Glass (2)
2019-07-31T20:30:18.6209080,0.2044506,0.8756329,1.679131,354.3463,101.9139,358.7859,-1.35,-0.006,0.584,-1.516607E-21,180,0,0.07597554,0.8853942,1.676683,0,180,0,,Glass (2)
2019-07-31T20:30:18.6448440,0.2044486,0.8756481,1.679081,354.3463,101.9058,358.7943,-1.35,-0.006,0.584,-1.516607E-21,180,0,0.07581735,0.8851869,1.676637,0,180,0,,Glass (2)
2019-07-31T20:30:18.6657880,0.204482,0.875717,1.679118,354.3382,101.9028,358.7888,-1.35,-0.006,0.584,-1.516607E-21,180,0,0.07582092,0.885197,1.676645,0,180,0,,Glass (2)
2019-07-31T20:30:18.6877280,0.2045227,0.875775,1.679141,354.3477,101.9048,358.7801,-1.35,-0.006,0.584,-1.516607E-21,180,0,0.07572031,0.885334,1.676769,0,180,0,,Glass (2)
2019-07-31T20:30:18.7116650,0.2045364,0.8757445,1.679177,354.3385,101.9028,358.7917,-1.35,-0.006,0.584,-1.516607E-21,180,0,0.07532918,0.8847725,1.676707,0,180,0,,Glass (2)
2019-07-31T20:30:18.7326080,0.2043959,0.8755082,1.679089,354.3404,101.9044,358.7861,-1.35,-0.006,0.584,-1.516607E-21,180,0,0.07526994,0.8846779,1.676604,0,180,0,,Glass (2)
2019-07-31T20:30:18.7595380,0.2043735,0.8755333,1.6791,354.3512,101.9073,358.7985,-1.35,-0.006,0.584,-1.516607E-21,180,0,0.07546067,0.8849717,1.676646,0,180,0,,Glass (2)
2019-07-31T20:30:18.7774880,0.2043942,0.8755016,1.679143,354.3372,101.8937,358.7922,-1.35,-0.006,0.584,-1.516607E-21,180,0,0.0754261,0.8847627,1.676667,0,180,0,,Glass (2)
2019-07-31T20:30:18.8000940,0.204383,0.8754075,1.679045,354.3338,101.9068,358.7756,-1.35,-0.006,0.584,-1.516607E-21,180,0,0.07540822,0.8846612,1.676531,0,180,0,,Glass (2)
2019-07-31T20:30:18.8260280,0.204402,0.8755146,1.679028,354.3445,101.9156,358.7869,-1.35,-0.006,0.584,-1.516607E-21,180,0,0.07533872,0.8846161,1.676476,0,180,0,,Glass (2)
2019-07-31T20:30:18.8449740,0.204326,0.875513,1.679065,354.3383,101.9003,358.7739,-1.35,-0.006,0.584,-1.516607E-21,180,0,0.07553661,0.8849492,1.676565,0,180,0,,Glass (2)
2019-07-31T20:30:18.8669150,0.2043431,0.8755575,1.679095,354.338,101.9078,358.7861,-1.35,-0.006,0.584,-1.516607E-21,180,0,0.07552326,0.8849305,1.676526,0,180,0,,Glass (2)
2019-07-31T20:30:18.8898560,0.2043647,0.8753579,1.679112,354.345,101.9026,358.7919,-1.35,-0.006,0.584,-1.516607E-21,180,0,0.07579029,0.8848537,1.676596,0,180,0,,Glass (2)
2019-07-31T20:30:18.9117950,0.2042646,0.8754124,1.679091,354.3394,101.9085,358.7864,-1.35,-0.006,0.584,-1.516607E-21,180,0,0.07553434,0.8849396,1.676524,0,180,0,,Glass (2)
2019-07-31T20:30:18.9337360,0.2042984,0.8755166,1.679083,354.3501,101.9094,358.7829,-1.35,-0.006,0.584,-1.516607E-21,180,0,0.07527328,0.8846803,1.676457,0,180,0,,Glass (2)
2019-07-31T20:30:18.9586700,0.2042682,0.8755733,1.679085,354.3453,101.9147,358.7846,-1.35,-0.006,0.584,-1.516607E-21,180,0,0.07525277,0.8847069,1.676417,0,180,0,,Glass (2)
2019-07-31T20:30:18.9786170,0.2044216,0.8755117,1.679104,354.3508,101.9041,358.796,-1.35,-0.006,0.584,-1.516607E-21,180,0,0.07546556,0.8848045,1.676658,0,180,0,,Glass (2)
2019-07-31T20:30:19.0011230,0.2044429,0.8754364,1.679137,354.3551,101.9114,358.7841,-1.35,-0.006,0.584,-1.516607E-21,180,0,0.07519448,0.8844049,1.676506,0,180,0,,Glass (2)
2019-07-31T20:30:19.0260560,0.2045163,0.8754821,1.679148,354.3361,101.9059,358.7834,-1.35,-0.006,0.584,-1.516607E-21,180,0,0.07533932,0.8845187,1.676551,0,180,0,,Glass (2)
2019-07-31T20:30:19.0460020,0.2043377,0.8755777,1.679157,354.3428,101.9067,358.7837,-1.35,-0.006,0.584,-1.516607E-21,180,0,0.07491481,0.8843024,1.676562,0,180,0,,Glass (2)
2019-07-31T20:30:19.0689420,0.2044019,0.8756772,1.67914,354.3462,101.9153,358.784,-1.35,-0.006,0.584,-1.516607E-21,180,0,0.07459021,0.8839255,1.676428,0,180,0,,Glass (2)
2019-07-31T20:30:19.0921770,0.2043782,0.875677,1.679118,354.3432,101.9067,358.7856,-1.35,-0.006,0.584,-1.516607E-21,180,0,0.07466316,0.8841458,1.67646,0,180,0,,Glass (2)
2019-07-31T20:30:19.1141180,0.2044424,0.8756674,1.679135,354.3524,101.9071,358.7873,-1.35,-0.006,0.584,-1.516607E-21,180,0,0.07466447,0.8839557,1.676437,0,180,0,,Glass (2)
2019-07-31T20:30:19.1310720,0.2043613,0.8755432,1.6791,354.353,101.9042,358.7888,-1.35,-0.006,0.584,-1.516607E-21,180,0,0.07461905,0.8839135,1.676447,0,180,0,,Glass (2)
2019-07-31T20:30:19.1470310,0.2043557,0.8755652,1.679105,354.3489,101.9167,358.7804,-1.35,-0.006,0.584,-1.516607E-21,180,0,0.07458639,0.8838764,1.676541,0,180,0,,Glass (2)
2019-07-31T20:30:19.1629870,0.2043246,0.8755743,1.679086,354.3476,101.9123,358.789,-1.35,-0.006,0.584,-1.516607E-21,180,0,0.07455194,0.8838432,1.676564,0,180,0,,Glass (2)
2019-07-31T20:30:19.1809380,0.2043625,0.8755696,1.67913,354.3548,101.909,358.7852,-1.35,-0.006,0.584,-1.516607E-21,180,0,0.07439339,0.8836989,1.676432,0,180,0,,Glass (2)
2019-07-31T20:30:19.1964090,0.2043141,0.8755268,1.679106,354.3527,101.9074,358.7897,-1.35,-0.006,0.584,-1.516607E-21,180,0,0.07435799,0.883657,1.676449,0,180,0,,Glass (2)
2019-07-31T20:30:19.2392940,0.2043535,0.8755352,1.679099,354.3576,101.9072,358.7857,-1.35,-0.006,0.584,-1.516607E-21,180,0,0.07447517,0.8836393,1.676313,0,180,0,,Glass (2)
2019-07-31T20:30:19.2632310,0.2042826,0.8754529,1.679011,354.3501,101.9104,358.791,-1.35,-0.006,0.584,-1.516607E-21,180,0,0.07439137,0.8835445,1.676265,0,180,0,,Glass (2)
2019-07-31T20:30:19.2801860,0.2042795,0.8754793,1.679035,354.362,101.905,358.7866,-1.35,-0.006,0.584,-1.516607E-21,180,0,0.07472408,0.884054,1.676478,0,180,0,,Glass (2)
2019-07-31T20:30:19.2956540,0.2043134,0.8755319,1.679027,354.3587,101.9044,358.7822,-1.35,-0.006,0.584,-1.516607E-21,180,0,0.07470047,0.8840331,1.676484,0,180,0,,Glass (2)
2019-07-31T20:30:19.3106150,0.2043045,0.8755305,1.679066,354.3536,101.91,358.7853,-1.35,-0.006,0.584,-1.516607E-21,180,0,0.07472861,0.8841063,1.67644,0,180,0,,Glass (2)
2019-07-31T20:30:19.3265710,0.204308,0.8755377,1.679042,354.3534,101.9058,358.7907,-1.35,-0.006,0.584,-1.516607E-21,180,0,0.07470012,0.8840915,1.676442,0,180,0,,Glass (2)
2019-07-31T20:30:19.3435260,0.2043073,0.8755545,1.679022,354.3532,101.8968,358.7824,-1.35,-0.006,0.584,-1.516607E-21,180,0,0.07461154,0.8839744,1.676419,0,180,0,,Glass (2)
2019-07-31T20:30:19.3594830,0.2042546,0.8754993,1.679001,354.365,101.905,358.7794,-1.35,-0.006,0.584,-1.516607E-21,180,0,0.07479084,0.8840666,1.676459,0,180,0,,Glass (2)
2019-07-31T20:30:19.3804290,0.2042869,0.8754464,1.67909,354.3657,101.9021,358.7875,-1.35,-0.006,0.584,-1.516607E-21,180,0,0.07504356,0.8844497,1.676641,0,180,0,,Glass (2)
2019-07-31T20:30:19.4048730,0.2042539,0.8753805,1.679055,354.3716,101.8988,358.7918,-1.35,-0.006,0.584,-1.516607E-21,180,0,0.07511127,0.884506,1.676574,0,180,0,,Glass (2)
2019-07-31T20:30:19.4357890,0.2042421,0.8753654,1.679057,354.3528,101.8968,358.7922,-1.35,-0.006,0.584,-1.516607E-21,180,0,0.07502842,0.8843794,1.676592,0,180,0,,Glass (2)
2019-07-31T20:30:19.4617220,0.2041651,0.8754255,1.679138,354.3618,101.885,358.7906,-1.35,-0.006,0.584,-1.516607E-21,180,0,0.07486951,0.8843121,1.676622,0,180,0,,Glass (2)
2019-07-31T20:30:19.4946310,0.2042319,0.8754025,1.679083,354.3592,101.8984,358.7933,-1.35,-0.006,0.584,-1.516607E-21,180,0,0.07464886,0.8840414,1.676404,0,180,0,,Glass (2)
2019-07-31T20:30:19.5165730,0.2042524,0.8753583,1.679006,354.3736,101.8982,358.7965,-1.35,-0.006,0.584,-1.516607E-21,180,0,0.07471538,0.8840186,1.676305,0,180,0,,Glass (2)
2019-07-31T20:30:19.5435060,0.2042824,0.8754128,1.679034,354.3584,101.8979,358.7938,-1.35,-0.006,0.584,-1.516607E-21,180,0,0.07460558,0.8839247,1.676315,0,180,0,,Glass (2)
2019-07-31T20:30:19.5694320,0.2041974,0.8752707,1.678963,354.3615,101.8919,358.7932,-1.35,-0.006,0.584,-1.516607E-21,180,0,0.07462931,0.884014,1.676304,0,180,0,,Glass (2)
2019-07-31T20:30:19.6272770,0.2041651,0.8752974,1.678953,354.3701,101.8952,358.7974,-1.35,-0.006,0.584,-1.516607E-21,180,0,0.07495522,0.8843611,1.676523,0,180,0,,Glass (2)
2019-07-31T20:30:19.6492190,0.2043561,0.8755317,1.679113,354.3681,101.9002,358.7848,-1.35,-0.006,0.584,-1.516607E-21,180,0,0.07494378,0.8843306,1.676526,0,180,0,,Glass (2)
2019-07-31T20:30:19.6711610,0.2042769,0.8754084,1.679024,354.3631,101.8825,358.7845,-1.35,-0.006,0.584,-1.516607E-21,180,0,0.07480264,0.884003,1.676471,0,180,0,,Glass (2)
2019-07-31T20:30:19.7000830,0.2042907,0.8753884,1.679015,354.3653,101.8855,358.7894,-1.35,-0.006,0.584,-1.516607E-21,180,0,0.07502484,0.8842293,1.676547,0,180,0,,Glass (2)
2019-07-31T20:30:19.7150430,0.2042772,0.8754428,1.679031,354.3547,101.8965,358.7837,-1.35,-0.006,0.584,-1.516607E-21,180,0,0.07514262,0.884299,1.676554,0,180,0,,Glass (2)
2019-07-31T20:30:19.7449620,0.2042676,0.875426,1.679008,354.3693,101.887,358.7948,-1.35,-0.006,0.584,-1.516607E-21,180,0,0.07513928,0.8844203,1.676589,0,180,0,,Glass (2)
2019-07-31T20:30:19.7679020,0.2043103,0.8754414,1.67902,354.3742,101.8963,358.7937,-1.35,-0.006,0.584,-1.516607E-21,180,0,0.07544959,0.8847575,1.676576,0,180,0,,Glass (2)
2019-07-31T20:30:19.7958280,0.2043551,0.8753623,1.679001,354.3735,101.8898,358.7958,-1.35,-0.006,0.584,-1.516607E-21,180,0,0.07549644,0.8847398,1.67663,0,180,0,,Glass (2)
2019-07-31T20:30:19.8167710,0.2042602,0.875351,1.679066,354.3596,101.8936,358.796,-1.35,-0.006,0.584,-1.516607E-21,180,0,0.07551265,0.8847739,1.676591,0,180,0,,Glass (2)
2019-07-31T20:30:19.8387130,0.204263,0.875284,1.679035,354.3575,101.905,358.795,-1.35,-0.006,0.584,-1.516607E-21,180,0,0.07541931,0.8846346,1.676594,0,180,0,,Glass (2)
2019-07-31T20:30:19.8616510,0.2041789,0.8751621,1.678984,354.3604,101.8785,358.7948,-1.35,-0.006,0.584,-1.516607E-21,180,0,0.07551849,0.8847512,1.676611,0,180,0,,Glass (2)
2019-07-31T20:30:19.8835930,0.2040969,0.8751675,1.67902,354.3448,101.8961,358.7975,-1.35,-0.006,0.584,-1.516607E-21,180,0,0.0753386,0.884761,1.676736,0,180,0,,Glass (2)
2019-07-31T20:30:19.9065320,0.2041637,0.8752872,1.679007,354.3593,101.8993,358.8037,-1.35,-0.006,0.584,-1.516607E-21,180,0,0.075212,0.8844921,1.67647,0,180,0,,Glass (2)
2019-07-31T20:30:19.9324620,0.2042924,0.8754768,1.679013,354.361,101.8916,358.8162,-1.35,-0.006,0.584,-1.516607E-21,180,0,0.07516086,0.8845053,1.676411,0,180,0,,Glass (2)
2019-07-31T20:30:19.9504140,0.2043712,0.8754615,1.679029,354.3654,101.8821,358.8087,-1.35,-0.006,0.584,-1.516607E-21,180,0,0.07539296,0.8847411,1.676508,0,180,0,,Glass (2)
2019-07-31T20:30:19.9743510,0.2044402,0.875555,1.679048,354.3577,101.8935,358.7883,-1.35,-0.006,0.584,-1.516607E-21,180,0,0.07530916,0.8846651,1.676518,0,180,0,,Glass (2)
2019-07-31T20:30:19.9952950,0.2043785,0.8754637,1.679042,354.3731,101.8977,358.7971,-1.35,-0.006,0.584,-1.516607E-21,180,0,0.07550609,0.8849459,1.676553,0,180,0,,Glass (2)
2019-07-31T20:30:20.0182330,0.2043332,0.8754439,1.679005,354.3708,101.8897,358.8126,-1.35,-0.006,0.584,-1.516607E-21,180,0,0.07567835,0.8851733,1.676629,0,180,0,,Glass (2)
2019-07-31T20:30:20.0441630,0.2043748,0.8755189,1.679004,354.3666,101.8876,358.7856,-1.35,-0.006,0.584,-1.516607E-21,180,0,0.07555759,0.884941,1.676594,0,180,0,,Glass (2)
2019-07-31T20:30:20.0661050,0.2043718,0.8756053,1.679075,354.3627,101.8893,358.7861,-1.35,-0.006,0.584,-1.516607E-21,180,0,0.07556725,0.8849321,1.676557,0,180,0,,Glass (2)
2019-07-31T20:30:20.0870490,0.2043091,0.8756089,1.679112,354.3545,101.887,358.8034,-1.35,-0.006,0.584,-1.516607E-21,180,0,0.07551861,0.8849981,1.676626,0,180,0,,Glass (2)
2019-07-31T20:30:20.1159720,0.2042161,0.8755632,1.679156,354.3661,101.8947,358.7975,-1.35,-0.006,0.584,-1.516607E-21,180,0,0.07548988,0.8849415,1.676636,0,180,0,,Glass (2)
2019-07-31T20:30:20.1339230,0.2041794,0.8755016,1.679107,354.3617,101.8955,358.7865,-1.35,-0.006,0.584,-1.516607E-21,180,0,0.07561815,0.8851501,1.676643,0,180,0,,Glass (2)
2019-07-31T20:30:20.1548680,0.2041558,0.8754911,1.679077,354.3699,101.8851,358.7919,-1.35,-0.006,0.584,-1.516607E-21,180,0,0.0755353,0.8850982,1.676576,0,180,0,,Glass (2)
2019-07-31T20:30:20.1788040,0.2042118,0.8754945,1.679022,354.3741,101.8914,358.7808,-1.35,-0.006,0.584,-1.516607E-21,180,0,0.07542181,0.8849615,1.676542,0,180,0,,Glass (2)
2019-07-31T20:30:20.1997470,0.2041593,0.875434,1.679062,354.3625,101.9012,358.7891,-1.35,-0.006,0.584,-1.516607E-21,180,0,0.07548237,0.8849103,1.676619,0,180,0,,Glass (2)
2019-07-31T20:30:20.2186980,0.2042052,0.8753815,1.6791,354.3697,101.893,358.8123,-1.35,-0.006,0.584,-1.516607E-21,180,0,0.07540023,0.8847396,1.676709,0,180,0,,Glass (2)
2019-07-31T20:30:20.2446290,0.2041978,0.8754645,1.679096,354.372,101.8885,358.786,-1.35,-0.006,0.584,-1.516607E-21,180,0,0.07526529,0.8845721,1.676739,0,180,0,,Glass (2)
2019-07-31T20:30:20.2625800,0.2043411,0.875542,1.679008,354.3743,101.8906,358.8113,-1.35,-0.006,0.584,-1.516607E-21,180,0,0.07523918,0.8847256,1.676767,0,180,0,,Glass (2)
2019-07-31T20:30:20.2875140,0.2043694,0.8755783,1.679036,354.3789,101.9047,358.7921,-1.35,-0.006,0.584,-1.516607E-21,180,0,0.07535446,0.8847875,1.676557,0,180,0,,Glass (2)
2019-07-31T20:30:20.3094550,0.2044243,0.8755785,1.679026,354.3912,101.8898,358.8133,-1.35,-0.006,0.584,-1.516607E-21,180,0,0.0752877,0.8847031,1.676626,0,180,0,,Glass (2)
2019-07-31T20:30:20.3304000,0.2043713,0.875454,1.679068,354.3695,101.9061,358.8033,-1.35,-0.006,0.584,-1.516607E-21,180,0,0.07564986,0.8849507,1.676683,0,180,0,,Glass (2)
2019-07-31T20:30:20.3523400,0.2042714,0.8752977,1.678955,354.3759,101.8865,358.7968,-1.35,-0.006,0.584,-1.516607E-21,180,0,0.07572234,0.8849472,1.676515,0,180,0,,Glass (2)
2019-07-31T20:30:20.3892420,0.2042562,0.8753961,1.678974,354.3829,101.88,358.804,-1.35,-0.006,0.584,-1.516607E-21,180,0,0.07593143,0.8852779,1.6765,0,180,0,,Glass (2)
2019-07-31T20:30:20.4032080,0.2042445,0.8753787,1.67904,354.3646,101.8955,358.8047,-1.35,-0.006,0.584,-1.516607E-21,180,0,0.07598388,0.8852971,1.676476,0,180,0,,Glass (2)
2019-07-31T20:30:20.4191610,0.2042443,0.8754374,1.679069,354.3756,101.899,358.8107,-1.35,-0.006,0.584,-1.516607E-21,180,0,0.07587302,0.8851798,1.676594,0,180,0,,Glass (2)
2019-07-31T20:30:20.4476060,0.2042447,0.875387,1.679086,354.3663,101.8948,358.8024,-1.35,-0.006,0.584,-1.516607E-21,180,0,0.07588613,0.885242,1.676736,0,180,0,,Glass (2)
2019-07-31T20:30:20.4645610,0.2042569,0.8754215,1.679093,354.3839,101.9002,358.804,-1.35,-0.006,0.584,-1.516607E-21,180,0,0.07612324,0.8856158,1.67677,0,180,0,,Glass (2)
2019-07-31T20:30:20.4865030,0.2043241,0.8755357,1.679128,354.3666,101.8952,358.7973,-1.35,-0.006,0.584,-1.516607E-21,180,0,0.07613289,0.8855897,1.676894,0,180,0,,Glass (2)
2019-07-31T20:30:20.5144290,0.2044082,0.875545,1.67908,354.3786,101.8801,358.8017,-1.35,-0.006,0.584,-1.516607E-21,180,0,0.0759902,0.8853618,1.676714,0,180,0,,Glass (2)
2019-07-31T20:30:20.5323800,0.204326,0.8754451,1.679109,354.3816,101.8806,358.8095,-1.35,-0.006,0.584,-1.516607E-21,180,0,0.07603574,0.8853807,1.676724,0,180,0,,Glass (2)
2019-07-31T20:30:20.5962090,0.2042233,0.8754148,1.679091,354.3677,101.8955,358.7932,-1.35,-0.006,0.584,-1.516607E-21,180,0,0.07591677,0.8855041,1.676631,0,180,0,,Glass (2)
2019-07-31T20:30:20.6151590,0.2042998,0.8754305,1.67909,354.368,101.915,358.7928,-1.35,-0.006,0.584,-1.516607E-21,180,0,0.07591677,0.8855041,1.676631,0,180,0,,Glass (2)
2019-07-31T20:30:20.6310830,0.2042508,0.8752982,1.679085,354.3879,101.8988,358.7976,-1.35,-0.006,0.584,-1.516607E-21,180,0,0.07593358,0.8853603,1.67663,0,180,0,,Glass (2)
2019-07-31T20:30:20.6510280,0.2042898,0.8752868,1.679078,354.3888,101.8854,358.804,-1.35,-0.006,0.584,-1.516607E-21,180,0,0.07592273,0.8853689,1.67668,0,180,0,,Glass (2)
2019-07-31T20:30:20.6699780,0.2044834,0.8754186,1.679142,354.3748,101.8966,358.803,-1.35,-0.006,0.584,-1.516607E-21,180,0,0.07591736,0.8853666,1.676699,0,180,0,,Glass (2)
2019-07-31T20:30:20.6998980,0.2044824,0.8754305,1.679126,354.3819,101.9065,358.7966,-1.35,-0.006,0.584,-1.516607E-21,180,0,0.07588828,0.8854052,1.676805,0,180,0,,Glass (2)
2019-07-31T20:30:20.7188490,0.2044855,0.8755031,1.679104,354.3676,101.8936,358.7888,-1.35,-0.006,0.584,-1.516607E-21,180,0,0.07568324,0.8852515,1.676643,0,180,0,,Glass (2)
2019-07-31T20:30:20.7377960,0.2044245,0.8754218,1.6791,354.3645,101.8907,358.8087,-1.35,-0.006,0.584,-1.516607E-21,180,0,0.07565129,0.8852256,1.676671,0,180,0,,Glass (2)
2019-07-31T20:30:20.7597370,0.2043908,0.875558,1.679122,354.3706,101.8887,358.7894,-1.35,-0.006,0.584,-1.516607E-21,180,0,0.0754658,0.8848665,1.676618,0,180,0,,Glass (2)
2019-07-31T20:30:20.7796840,0.2044209,0.8755557,1.67912,354.3776,101.8918,358.7942,-1.35,-0.006,0.584,-1.516607E-21,180,0,0.07532954,0.8846642,1.676657,0,180,0,,Glass (2)
2019-07-31T20:30:20.8026230,0.2044507,0.8755494,1.679096,354.3732,101.8926,358.8038,-1.35,-0.006,0.584,-1.516607E-21,180,0,0.07530236,0.8846061,1.676684,0,180,0,,Glass (2)
2019-07-31T20:30:20.8255660,0.2043253,0.8754789,1.679084,354.3663,101.9006,358.8035,-1.35,-0.006,0.584,-1.516607E-21,180,0,0.07514739,0.8845806,1.676687,0,180,0,,Glass (2)
2019-07-31T20:30:20.8504950,0.2042497,0.8755162,1.679075,354.372,101.9031,358.8043,-1.35,-0.006,0.584,-1.516607E-21,180,0,0.07512808,0.8844703,1.676608,0,180,0,,Glass (2)
2019-07-31T20:30:20.8684520,0.2042034,0.8754722,1.679049,354.3562,101.8982,358.7959,-1.35,-0.006,0.584,-1.516607E-21,180,0,0.07503891,0.8844154,1.676621,0,180,0,,Glass (2)
2019-07-31T20:30:20.8933880,0.2041601,0.87542,1.678992,354.3719,101.8984,358.788,-1.35,-0.006,0.584,-1.516607E-21,180,0,0.07485557,0.8843183,1.676501,0,180,0,,Glass (2)
2019-07-31T20:30:20.9193110,0.2041634,0.8753872,1.67903,354.3641,101.8991,358.798,-1.35,-0.006,0.584,-1.516607E-21,180,0,0.07480574,0.8841618,1.676268,0,180,0,,Glass (2)
2019-07-31T20:30:20.9358690,0.2041981,0.8754863,1.67906,354.3752,101.8981,358.8044,-1.35,-0.006,0.584,-1.516607E-21,180,0,0.07496631,0.8842503,1.676289,0,180,0,,Glass (2)
2019-07-31T20:30:20.9598050,0.204226,0.8755,1.679076,354.3689,101.8907,358.8053,-1.35,-0.006,0.584,-1.516607E-21,180,0,0.07478786,0.884113,1.676405,0,180,0,,Glass (2)
2019-07-31T20:30:20.9797540,0.2043698,0.8754356,1.679076,354.3754,101.8811,358.7996,-1.35,-0.006,0.584,-1.516607E-21,180,0,0.07502162,0.8840478,1.676508,0,180,0,,Glass (2)
2019-07-31T20:30:21.0026920,0.2043728,0.8753981,1.679087,354.3648,101.907,358.806,-1.35,-0.006,0.584,-1.516607E-21,180,0,0.07483721,0.8837721,1.676491,0,180,0,,Glass (2)
2019-07-31T20:30:21.0266270,0.2043478,0.8753615,1.679013,354.3606,101.8821,358.7957,-1.35,-0.006,0.584,-1.516607E-21,180,0,0.074826,0.8839663,1.676499,0,180,0,,Glass (2)
2019-07-31T20:30:21.0450900,0.2043259,0.8753668,1.679001,354.3608,101.8875,358.8098,-1.35,-0.006,0.584,-1.516607E-21,180,0,0.07487583,0.8842106,1.676551,0,180,0,,Glass (2)
2019-07-31T20:30:21.0670310,0.2044114,0.8754982,1.679086,354.3666,101.8953,358.7873,-1.35,-0.006,0.584,-1.516607E-21,180,0,0.0748986,0.8842108,1.676548,0,180,0,,Glass (2)
2019-07-31T20:30:21.0929620,0.2043254,0.8754026,1.67904,354.3609,101.8917,358.7915,-1.35,-0.006,0.584,-1.516607E-21,180,0,0.07512522,0.8845291,1.676623,0,180,0,,Glass (2)
2019-07-31T20:30:21.1119120,0.2042686,0.87543,1.679025,354.3664,101.9032,358.8074,-1.35,-0.006,0.584,-1.516607E-21,180,0,0.07519007,0.884634,1.676497,0,180,0,,Glass (2)
2019-07-31T20:30:21.1371630,0.2040956,0.8752889,1.679021,354.3483,101.8987,358.8022,-1.35,-0.006,0.584,-1.516607E-21,180,0,0.07515633,0.8846471,1.67658,0,180,0,,Glass (2)
2019-07-31T20:30:21.1710720,0.2040697,0.875233,1.678989,354.355,101.8805,358.7999,-1.35,-0.006,0.584,-1.516607E-21,180,0,0.07537603,0.8848754,1.676656,0,180,0,,Glass (2)
2019-07-31T20:30:21.2029870,0.2040528,0.8752481,1.679007,354.3741,101.8892,358.7956,-1.35,-0.006,0.584,-1.516607E-21,180,0,0.07543993,0.8850136,1.676679,0,180,0,,Glass (2)
2019-07-31T20:30:21.2279200,0.2042531,0.875401,1.679098,354.3698,101.9032,358.7986,-1.35,-0.006,0.584,-1.516607E-21,180,0,0.07547748,0.8849827,1.676729,0,180,0,,Glass (2)
2019-07-31T20:30:21.2478670,0.2043542,0.8753626,1.679058,354.3569,101.8875,358.8119,-1.35,-0.006,0.584,-1.516607E-21,180,0,0.07555747,0.8850431,1.676727,0,180,0,,Glass (2)
2019-07-31T20:30:21.2698090,0.2044334,0.8754855,1.679105,354.3692,101.9023,358.8022,-1.35,-0.006,0.584,-1.516607E-21,180,0,0.07561779,0.8850189,1.676693,0,180,0,,Glass (2)
2019-07-31T20:30:21.2937450,0.2043263,0.8753375,1.679039,354.369,101.8889,358.8034,-1.35,-0.006,0.584,-1.516607E-21,180,0,0.07564139,0.885056,1.676682,0,180,0,,Glass (2)
2019-07-31T20:30:21.3136920,0.2042837,0.8753333,1.67902,354.3745,101.8797,358.8004,-1.35,-0.006,0.584,-1.516607E-21,180,0,0.07533097,0.8847911,1.676557,0,180,0,,Glass (2)
2019-07-31T20:30:21.3356320,0.2043334,0.8753149,1.67903,354.3596,101.9011,358.7967,-1.35,-0.006,0.584,-1.516607E-21,180,0,0.07524681,0.8846781,1.67645,0,180,0,,Glass (2)
2019-07-31T20:30:21.3605660,0.2043186,0.8751854,1.679018,354.3581,101.9039,358.8112,-1.35,-0.006,0.584,-1.516607E-21,180,0,0.07540452,0.8846945,1.676489,0,180,0,,Glass (2)
2019-07-31T20:30:21.3795180,0.2042462,0.8751931,1.678983,354.3688,101.8915,358.8052,-1.35,-0.006,0.584,-1.516607E-21,180,0,0.07538164,0.8847419,1.676545,0,180,0,,Glass (2)
2019-07-31T20:30:21.4044480,0.2041824,0.8751916,1.679015,354.3455,101.8967,358.8011,-1.35,-0.006,0.584,-1.516607E-21,180,0,0.07537186,0.884747,1.676528,0,180,0,,Glass (2)
2019-07-31T20:30:21.4323730,0.2041556,0.8752204,1.679065,354.3662,101.9002,358.7931,-1.35,-0.006,0.584,-1.516607E-21,180,0,0.07510591,0.8845555,1.676592,0,180,0,,Glass (2)
2019-07-31T20:30:21.4493280,0.2041161,0.8752082,1.679058,354.3618,101.8962,358.8044,-1.35,-0.006,0.584,-1.516607E-21,180,0,0.07515693,0.8846393,1.676601,0,180,0,,Glass (2)
2019-07-31T20:30:21.4792510,0.2041793,0.8752595,1.679043,354.3575,101.8962,358.8048,-1.35,-0.006,0.584,-1.516607E-21,180,0,0.0751133,0.8846442,1.676484,0,180,0,,Glass (2)
2019-07-31T20:30:21.5041820,0.2042022,0.875302,1.679046,354.3637,101.8875,358.7967,-1.35,-0.006,0.584,-1.516607E-21,180,0,0.07520759,0.8847585,1.676458,0,180,0,,Glass (2)
2019-07-31T20:30:21.5181450,0.2041008,0.8752833,1.679118,354.3509,101.8959,358.8003,-1.35,-0.006,0.584,-1.516607E-21,180,0,0.07533026,0.8849527,1.676683,0,180,0,,Glass (2)
2019-07-31T20:30:21.5360980,0.2041284,0.8752677,1.679053,354.3664,101.8886,358.7952,-1.35,-0.006,0.584,-1.516607E-21,180,0,0.07518947,0.8846895,1.676449,0,180,0,,Glass (2)
2019-07-31T20:30:21.5610310,0.2042423,0.8753918,1.679104,354.3526,101.8907,358.8178,-1.35,-0.006,0.584,-1.516607E-21,180,0,0.07539833,0.8847292,1.676472,0,180,0,,Glass (2)
2019-07-31T20:30:21.5809780,0.2043105,0.8754105,1.679051,354.3641,101.9002,358.7921,-1.35,-0.006,0.584,-1.516607E-21,180,0,0.07537174,0.8847446,1.676565,0,180,0,,Glass (2)
2019-07-31T20:30:21.6039160,0.2043794,0.8755267,1.67901,354.3696,101.8918,358.7986,-1.35,-0.006,0.584,-1.516607E-21,180,0,0.07535946,0.8846956,1.676439,0,180,0,,Glass (2)
2019-07-31T20:30:21.6268550,0.2043413,0.8754511,1.67902,354.3582,101.911,358.797,-1.35,-0.006,0.584,-1.516607E-21,180,0,0.07544684,0.8848492,1.676425,0,180,0,,Glass (2)
2019-07-31T20:30:21.6487960,0.2043072,0.8754753,1.679056,354.3624,101.8987,358.8007,-1.35,-0.006,0.584,-1.516607E-21,180,0,0.07554209,0.8848725,1.676643,0,180,0,,Glass (2)
2019-07-31T20:30:21.6747280,0.2041304,0.8753577,1.679142,354.3552,101.8862,358.791,-1.35,-0.006,0.584,-1.516607E-21,180,0,0.07547915,0.8848522,1.676814,0,180,0,,Glass (2)
2019-07-31T20:30:21.6946730,0.2040917,0.8752894,1.679143,354.363,101.9136,358.7926,-1.35,-0.006,0.584,-1.516607E-21,180,0,0.07545125,0.8848724,1.676842,0,180,0,,Glass (2)
2019-07-31T20:30:21.7156170,0.2041466,0.8753024,1.679007,354.3632,101.9099,358.7912,-1.35,-0.006,0.584,-1.516607E-21,180,0,0.07535625,0.8847246,1.67654,0,180,0,,Glass (2)
2019-07-31T20:30:21.7435420,0.2041415,0.8752452,1.678986,354.3712,101.9102,358.7866,-1.35,-0.006,0.584,-1.516607E-21,180,0,0.07540226,0.8847482,1.676491,0,180,0,,Glass (2)
2019-07-31T20:30:21.7614940,0.2042564,0.8754626,1.679048,354.3679,101.902,358.8038,-1.35,-0.006,0.584,-1.516607E-21,180,0,0.07545769,0.8848413,1.676515,0,180,0,,Glass (2)
2019-07-31T20:30:21.7854320,0.2043434,0.8754408,1.679078,354.3666,101.8902,358.8049,-1.35,-0.006,0.584,-1.516607E-21,180,0,0.07559943,0.8849819,1.676573,0,180,0,,Glass (2)
2019-07-31T20:30:21.8143530,0.2042936,0.8752589,1.679006,354.3596,101.8928,358.7993,-1.35,-0.006,0.584,-1.516607E-21,180,0,0.07550788,0.8849328,1.676615,0,180,0,,Glass (2)
2019-07-31T20:30:21.8313070,0.2044151,0.8754113,1.679025,354.366,101.9003,358.7997,-1.35,-0.006,0.584,-1.516607E-21,180,0,0.07563174,0.8850712,1.676608,0,180,0,,Glass (2)
2019-07-31T20:30:21.8492600,0.2044257,0.8753908,1.679001,354.3662,101.896,358.7906,-1.35,-0.006,0.584,-1.516607E-21,180,0,0.07588482,0.8851857,1.676641,0,180,0,,Glass (2)
2019-07-31T20:30:21.9011210,0.2043462,0.8753296,1.679027,354.3727,101.8973,358.8017,-1.35,-0.006,0.584,-1.516607E-21,180,0,0.0760113,0.885428,1.676717,0,180,0,,Glass (2)
2019-07-31T20:30:21.9360280,0.2043549,0.8753911,1.678992,354.3571,101.8969,358.79,-1.35,-0.006,0.584,-1.516607E-21,180,0,0.07584059,0.8852816,1.676701,0,180,0,,Glass (2)
2019-07-31T20:30:21.9529830,0.2041739,0.8752334,1.678994,354.3597,101.8963,358.7976,-1.35,-0.006,0.584,-1.516607E-21,180,0,0.07584059,0.8852816,1.676701,0,180,0,,Glass (2)
2019-07-31T20:30:21.9709340,0.204245,0.8753266,1.679042,354.3585,101.8917,358.7976,-1.35,-0.006,0.584,-1.516607E-21,180,0,0.07584357,0.8853586,1.676708,0,180,0,,Glass (2)
2019-07-31T20:30:21.9918830,0.2042341,0.8753163,1.679061,354.3624,101.9083,358.8013,-1.35,-0.006,0.584,-1.516607E-21,180,0,0.07568562,0.8852416,1.676742,0,180,0,,Glass (2)
2019-07-31T20:30:22.0098310,0.2042818,0.8753583,1.679021,354.3584,101.9014,358.7997,-1.35,-0.006,0.584,-1.516607E-21,180,0,0.07556331,0.8850905,1.676666,0,180,0,,Glass (2)
2019-07-31T20:30:22.0307780,0.2042404,0.8753341,1.678992,354.3612,101.8854,358.7916,-1.35,-0.006,0.584,-1.516607E-21,180,0,0.07566404,0.8851379,1.676688,0,180,0,,Glass (2)
2019-07-31T20:30:22.0537130,0.2041932,0.875335,1.679003,354.3606,101.8983,358.7962,-1.35,-0.006,0.584,-1.516607E-21,180,0,0.0754025,0.8848539,1.676564,0,180,0,,Glass (2)
2019-07-31T20:30:22.0766550,0.2041794,0.8753418,1.67902,354.3603,101.8963,358.8076,-1.35,-0.006,0.584,-1.516607E-21,180,0,0.07523322,0.8846622,1.676533,0,180,0,,Glass (2)
2019-07-31T20:30:22.0965990,0.2041638,0.8753347,1.679017,354.3698,101.8889,358.8034,-1.35,-0.006,0.584,-1.516607E-21,180,0,0.07526851,0.8846548,1.676553,0,180,0,,Glass (2)
2019-07-31T20:30:22.1175440,0.2042458,0.8754038,1.679033,354.3494,101.8895,358.8041,-1.35,-0.006,0.584,-1.516607E-21,180,0,0.07521844,0.8845522,1.676547,0,180,0,,Glass (2)
2019-07-31T20:30:22.1426350,0.204198,0.8754388,1.679021,354.3607,101.8876,358.7956,-1.35,-0.006,0.584,-1.516607E-21,180,0,0.07492924,0.884234,1.676458,0,180,0,,Glass (2)
2019-07-31T20:30:22.1615850,0.2041913,0.8753988,1.679021,354.3549,101.891,358.7863,-1.35,-0.006,0.584,-1.516607E-21,180,0,0.07471991,0.8841313,1.67641,0,180,0,,Glass (2)
2019-07-31T20:30:22.1845250,0.204255,0.8753907,1.679071,354.367,101.8936,358.8023,-1.35,-0.006,0.584,-1.516607E-21,180,0,0.0749706,0.8843164,1.67653,0,180,0,,Glass (2)
2019-07-31T20:30:22.2124490,0.2042762,0.8754632,1.679078,354.3578,101.8988,358.7928,-1.35,-0.006,0.584,-1.516607E-21,180,0,0.07477117,0.884114,1.676528,0,180,0,,Glass (2)
2019-07-31T20:30:22.2294040,0.2042977,0.8755488,1.679045,354.3646,101.8915,358.7992,-1.35,-0.006,0.584,-1.516607E-21,180,0,0.07480597,0.884231,1.676562,0,180,0,,Glass (2)
2019-07-31T20:30:22.2518530,0.2042977,0.8755428,1.679052,354.3629,101.8952,358.7948,-1.35,-0.006,0.584,-1.516607E-21,180,0,0.07484448,0.8842559,1.676511,0,180,0,,Glass (2)
2019-07-31T20:30:22.2767870,0.2041608,0.875294,1.679004,354.3512,101.8839,358.7953,-1.35,-0.006,0.584,-1.516607E-21,180,0,0.07473874,0.8841574,1.676589,0,180,0,,Glass (2)
2019-07-31T20:30:22.2977300,0.2041177,0.8752496,1.678994,354.3701,101.8923,358.7968,-1.35,-0.006,0.584,-1.516607E-21,180,0,0.07478178,0.8841741,1.676645,0,180,0,,Glass (2)
2019-07-31T20:30:22.3206690,0.2041444,0.8751922,1.679018,354.3515,101.899,358.7888,-1.35,-0.006,0.584,-1.516607E-21,180,0,0.07492793,0.8841807,1.676457,0,180,0,,Glass (2)
2019-07-31T20:30:22.3525840,0.2040061,0.8751242,1.67902,354.3525,101.8996,358.7994,-1.35,-0.006,0.584,-1.516607E-21,180,0,0.07467902,0.8838535,1.676461,0,180,0,,Glass (2)
2019-07-31T20:30:22.3715340,0.2041078,0.8752455,1.679025,354.3507,101.8924,358.805,-1.35,-0.006,0.584,-1.516607E-21,180,0,0.07478893,0.8839957,1.676496,0,180,0,,Glass (2)
2019-07-31T20:30:22.3884870,0.2041157,0.8752415,1.679071,354.3691,101.9112,358.7928,-1.35,-0.006,0.584,-1.516607E-21,180,0,0.0747354,0.8839322,1.676309,0,180,0,,Glass (2)
2019-07-31T20:30:22.4134220,0.2040741,0.8751997,1.678982,354.3549,101.8819,358.7946,-1.35,-0.006,0.584,-1.516607E-21,180,0,0.07479632,0.8841749,1.676514,0,180,0,,Glass (2)
2019-07-31T20:30:22.4323710,0.2041032,0.8752807,1.679011,354.362,101.8939,358.7872,-1.35,-0.006,0.584,-1.516607E-21,180,0,0.07474792,0.8841347,1.676493,0,180,0,,Glass (2)
2019-07-31T20:30:22.4543110,0.2041265,0.8752361,1.679029,354.3619,101.8847,358.8062,-1.35,-0.006,0.584,-1.516607E-21,180,0,0.07491279,0.8841398,1.676366,0,180,0,,Glass (2)
2019-07-31T20:30:22.4832340,0.2041585,0.8752528,1.678998,354.3643,101.8915,358.7939,-1.35,-0.006,0.584,-1.516607E-21,180,0,0.07496297,0.8841541,1.676406,0,180,0,,Glass (2)
2019-07-31T20:30:22.4991930,0.2041851,0.8752547,1.678949,354.3747,101.8853,358.7941,-1.35,-0.006,0.584,-1.516607E-21,180,0,0.07494915,0.8840866,1.676361,0,180,0,,Glass (2)
2019-07-31T20:30:22.5221300,0.2042333,0.8753304,1.678893,354.3575,101.8817,358.7928,-1.35,-0.006,0.584,-1.516607E-21,180,0,0.07511556,0.8844175,1.676422,0,180,0,,Glass (2)
2019-07-31T20:30:22.5500560,0.2042441,0.875338,1.678958,354.3633,101.8795,358.804,-1.35,-0.006,0.584,-1.516607E-21,180,0,0.07531047,0.8848093,1.676655,0,180,0,,Glass (2)
2019-07-31T20:30:22.5670130,0.2043129,0.8754051,1.678993,354.3549,101.8875,358.8013,-1.35,-0.006,0.584,-1.516607E-21,180,0,0.07525361,0.8848253,1.676679,0,180,0,,Glass (2)
2019-07-31T20:30:22.5879550,0.2043214,0.875404,1.678966,354.3786,101.8734,358.7933,-1.35,-0.006,0.584,-1.516607E-21,180,0,0.07534862,0.8850092,1.67665,0,180,0,,Glass (2)
2019-07-31T20:30:22.6128880,0.2043427,0.8753996,1.679022,354.3629,101.8907,358.8122,-1.35,-0.006,0.584,-1.516607E-21,180,0,0.07516253,0.8848548,1.67661,0,180,0,,Glass (2)
2019-07-31T20:30:22.6328340,0.2043865,0.8753932,1.679013,354.3618,101.8873,358.799,-1.35,-0.006,0.584,-1.516607E-21,180,0,0.0754056,0.8849653,1.676676,0,180,0,,Glass (2)
2019-07-31T20:30:22.6557740,0.2043248,0.8753708,1.679012,354.3746,101.8897,358.8022,-1.35,-0.006,0.584,-1.516607E-21,180,0,0.07557166,0.8849351,1.676547,0,180,0,,Glass (2)
2019-07-31T20:30:22.6807070,0.2043089,0.8753982,1.679045,354.3656,101.8918,358.7948,-1.35,-0.006,0.584,-1.516607E-21,180,0,0.07571042,0.8851835,1.676586,0,180,0,,Glass (2)
2019-07-31T20:30:22.7006530,0.204367,0.875515,1.679097,354.3581,101.8926,358.7915,-1.35,-0.006,0.584,-1.516607E-21,180,0,0.07572353,0.8851916,1.6766,0,180,0,,Glass (2)
2019-07-31T20:30:22.7245910,0.2043658,0.8755643,1.67911,354.3594,101.9033,358.8004,-1.35,-0.006,0.584,-1.516607E-21,180,0,0.07554388,0.8850707,1.676584,0,180,0,,Glass (2)
2019-07-31T20:30:22.7385530,0.204374,0.8755873,1.679098,354.3643,101.8984,358.81,-1.35,-0.006,0.584,-1.516607E-21,180,0,0.07555068,0.885066,1.67658,0,180,0,,Glass (2)
2019-07-31T20:30:22.7674740,0.2044157,0.8755642,1.679104,354.3665,101.8912,358.7967,-1.35,-0.006,0.584,-1.516607E-21,180,0,0.07559335,0.8850172,1.676677,0,180,0,,Glass (2)
2019-07-31T20:30:22.7983920,0.2044388,0.8756577,1.679226,354.3626,101.896,358.807,-1.35,-0.006,0.584,-1.516607E-21,180,0,0.0757134,0.8853142,1.676947,0,180,0,,Glass (2)
2019-07-31T20:30:22.8143500,0.2044159,0.8756252,1.679139,354.3567,101.8942,358.8035,-1.35,-0.006,0.584,-1.516607E-21,180,0,0.07574034,0.885199,1.676692,0,180,0,,Glass (2)
2019-07-31T20:30:22.8303070,0.2044352,0.8756711,1.679157,354.3645,101.904,358.7901,-1.35,-0.006,0.584,-1.516607E-21,180,0,0.07576883,0.8851676,1.676681,0,180,0,,Glass (2)
2019-07-31T20:30:22.8467820,0.2044811,0.8756884,1.679099,354.3619,101.9015,358.8022,-1.35,-0.006,0.584,-1.516607E-21,180,0,0.07555735,0.8849552,1.676501,0,180,0,,Glass (2)
2019-07-31T20:30:22.8607450,0.2044424,0.8756889,1.679049,354.3622,101.8947,358.8002,-1.35,-0.006,0.584,-1.516607E-21,180,0,0.07556009,0.8849566,1.676482,0,180,0,,Glass (2)
2019-07-31T20:30:22.8757050,0.2044157,0.8757063,1.679147,354.355,101.8994,358.7956,-1.35,-0.006,0.584,-1.516607E-21,180,0,0.07557666,0.8850553,1.676657,0,180,0,,Glass (2)
2019-07-31T20:30:22.8886710,0.2043543,0.875541,1.679153,354.3522,101.8917,358.8088,-1.35,-0.006,0.584,-1.516607E-21,180,0,0.07556725,0.8850313,1.676686,0,180,0,,Glass (2)
2019-07-31T20:30:22.9116090,0.2044355,0.875587,1.679115,354.3692,101.8897,358.7948,-1.35,-0.006,0.584,-1.516607E-21,180,0,0.07564056,0.8849928,1.676605,0,180,0,,Glass (2)
2019-07-31T20:30:22.9325540,0.2045004,0.8756917,1.679145,354.3628,101.9013,358.7979,-1.35,-0.006,0.584,-1.516607E-21,180,0,0.07561898,0.8849512,1.676575,0,180,0,,Glass (2)
2019-07-31T20:30:22.9554920,0.2043649,0.8755935,1.679061,354.3524,101.8886,358.7813,-1.35,-0.006,0.584,-1.516607E-21,180,0,0.07542229,0.8848642,1.676494,0,180,0,,Glass (2)
2019-07-31T20:30:22.9784300,0.2043735,0.8756225,1.679081,354.362,101.8975,358.7795,-1.35,-0.006,0.584,-1.516607E-21,180,0,0.07511079,0.8845158,1.676494,0,180,0,,Glass (2)
2019-07-31T20:30:23.0003720,0.2044474,0.8757293,1.679109,354.3584,101.8959,358.794,-1.35,-0.006,0.584,-1.516607E-21,180,0,0.07484818,0.8842289,1.676498,0,180,0,,Glass (2)
2019-07-31T20:30:23.0263020,0.2044959,0.8756749,1.679113,354.3607,101.9038,358.7918,-1.35,-0.006,0.584,-1.516607E-21,180,0,0.07516587,0.8844913,1.676545,0,180,0,,Glass (2)
2019-07-31T20:30:23.0442550,0.2044125,0.8756718,1.67918,354.3509,101.9079,358.8116,-1.35,-0.006,0.584,-1.516607E-21,180,0,0.07527053,0.8846046,1.676697,0,180,0,,Glass (2)
2019-07-31T20:30:23.0671920,0.2044133,0.8756726,1.679118,354.3625,101.8935,358.7909,-1.35,-0.006,0.584,-1.516607E-21,180,0,0.07526362,0.884417,1.676432,0,180,0,,Glass (2)
2019-07-31T20:30:23.0891350,0.2042863,0.8753886,1.679058,354.3547,101.8905,358.8022,-1.35,-0.006,0.584,-1.516607E-21,180,0,0.07533073,0.8845178,1.67643,0,180,0,,Glass (2)
2019-07-31T20:30:23.1150650,0.2043147,0.8753651,1.678998,354.3478,101.8914,358.7968,-1.35,-0.006,0.584,-1.516607E-21,180,0,0.07526076,0.8844967,1.676482,0,180,0,,Glass (2)
