Timestamp,Condition,SplashScreen,HeadX,HeadY,HeadZ, HeadRX, HeadRY, HeadRZ, RightHandx,RightHandy,RightHandz,RightHandRX,RightHandRY,RightHandRZLeftHandx,LeftHandy,LeftHandz,LeftHandRX,LeftHandRY,LeftHandRZ,ActionPoints,Action,GazeTarget
2019-08-12T15:42:42.8967960,,,-1.568752,0.5671389,-0.09482658,85.20148,291.2458,193.7308,-1.134908,0.9352126,-1.415325,-1.516607E-21,0,0,-1.042978,1.127789,-0.9573648,0,0,0,,Ground,
2019-08-12T15:42:44.9366520,,,-1.568756,0.5671284,-0.09483844,85.20245,291.2512,193.7363,-1.113377,0.9249531,-1.42481,0.6383183,340.3919,27.43756,-1.0425,1.127856,-0.9574373,21.45978,258.1338,273.2286,,Ground,
2019-08-12T15:42:45.0314000,,,-1.568919,0.5671372,-0.09455264,85.20065,291.2498,193.7399,-1.112377,0.9245943,-1.42525,358.5238,335.967,26.70445,-1.042791,1.127997,-0.9571218,21.34657,258.0399,273.3174,,Ground,
2019-08-12T15:42:45.0553350,,,-1.568687,0.5670266,-0.09476542,85.18192,291.1461,193.6219,-1.111941,0.924423,-1.425535,358.5236,335.9335,26.69196,-1.042746,1.127832,-0.9571314,21.36432,258.0173,273.3103,,Ground,
2019-08-12T15:42:45.0733140,,,-1.56881,0.5671567,-0.09458745,85.19429,291.1525,193.6369,-1.11154,0.9242209,-1.425605,358.5298,335.9203,26.69406,-1.042801,1.127808,-0.9571587,21.36989,258.0081,273.3065,,Ground,
2019-08-12T15:42:45.1002170,,,-1.568679,0.5671514,-0.09462655,85.19373,291.0756,193.5504,-1.110836,0.9238815,-1.425802,358.5279,335.9123,26.6972,-1.042576,1.127765,-0.9572753,21.37594,257.9996,273.2887,,Ground,
2019-08-12T15:42:45.1181680,,,-1.568634,0.5671417,-0.09459031,85.18732,291.0201,193.4963,-1.111366,0.9241446,-1.425598,358.5271,335.9103,26.69423,-1.042651,1.127836,-0.9571493,21.38222,257.9988,273.2862,,Ground,
2019-08-12T15:42:45.1441000,,,-1.568808,0.567138,-0.0946393,85.20058,291.1886,193.6668,-1.111704,0.9240408,-1.42535,358.5318,335.893,26.69042,-1.042468,1.127958,-0.9573621,21.38995,258.015,273.2862,,Ground,
2019-08-12T15:42:45.1620530,,,-1.568798,0.5671884,-0.09477603,85.19706,291.1212,193.6029,-1.11146,0.9239538,-1.425436,358.5318,335.893,26.69042,-1.042528,1.128044,-0.9574319,21.39289,258.0333,273.2955,,Ground,
2019-08-12T15:42:45.1929670,,,-1.568754,0.567186,-0.09484351,85.19312,291.2249,193.7039,-1.111227,0.9240066,-1.425692,358.5368,335.8796,26.67756,-1.042523,1.128051,-0.9575344,21.38161,258.0782,273.3112,,Ground,
2019-08-12T15:42:45.2248820,,,-1.568833,0.5671133,-0.09487998,85.19593,291.2806,193.7545,-1.111663,0.9240077,-1.425419,358.5405,335.8788,26.66505,-1.042454,1.127913,-0.9574279,21.37141,258.0939,273.3072,,Ground,
2019-08-12T15:42:45.2538040,,,-1.568844,0.5671163,-0.09467906,85.20065,291.2032,193.6861,-1.111588,0.9240084,-1.425337,358.5383,335.8727,26.65618,-1.042605,1.127941,-0.9572263,21.37136,258.1092,273.3029,,Ground,
2019-08-12T15:42:45.2847230,,,-1.568724,0.5670298,-0.09477621,85.19392,291.0955,193.5752,-1.111454,0.9239474,-1.425543,358.5302,335.8613,26.65096,-1.042509,1.127847,-0.9574157,21.3787,258.1287,273.3001,,Ground,
2019-08-12T15:42:45.3146430,,,-1.568704,0.5669763,-0.09473455,85.20155,291.2716,193.7563,-1.111372,0.9239883,-1.425584,358.5247,335.8598,26.64556,-1.042396,1.127694,-0.9574336,21.38823,258.1582,273.3053,,Ground,
2019-08-12T15:42:45.3425680,,,-1.568671,0.5669949,-0.09476447,85.19943,291.0546,193.5412,-1.110803,0.9237498,-1.425815,358.5247,335.8598,26.64556,-1.042395,1.127724,-0.9574934,21.39709,258.1639,273.3136,,Ground,
2019-08-12T15:42:45.3684990,,,-1.568714,0.5670398,-0.09483433,85.19751,291.0777,193.5601,-1.111242,0.9238611,-1.42572,358.5254,335.8618,26.64853,-1.042502,1.127874,-0.9575261,21.39785,258.157,273.3192,,Ground,
2019-08-12T15:42:45.3854530,,,-1.568669,0.5670358,-0.09485489,85.19429,291.2087,193.6967,-1.111395,0.9239947,-1.425673,358.5254,335.8618,26.64853,-1.042539,1.127878,-0.9575375,21.39785,258.157,273.3192,,Ground,
2019-08-12T15:42:45.4133830,,,-1.568644,0.5670786,-0.09476161,85.19968,291.1838,193.6693,-1.111009,0.923813,-1.425542,358.5254,335.8618,26.64853,-1.04236,1.127856,-0.9575287,21.40741,258.1712,273.3287,,Ground,
2019-08-12T15:42:45.4323340,,,-1.568717,0.5671526,-0.09477729,85.19569,291.0909,193.5733,-1.110787,0.9237309,-1.425616,358.5254,335.8618,26.64853,-1.042396,1.127987,-0.9575945,21.40924,258.1846,273.3339,,Ground,
2019-08-12T15:42:45.4632480,,,-1.568657,0.5671504,-0.09470809,85.20139,291.0963,193.5763,-1.110568,0.9236678,-1.425613,358.5247,335.8598,26.64556,-1.042273,1.127922,-0.9574511,21.40241,258.2382,273.353,,Ground,
2019-08-12T15:42:45.4900510,,,-1.568796,0.567081,-0.09464169,85.20176,291.0239,193.5154,-1.112088,0.9242195,-1.425295,358.5253,335.8452,26.64227,-1.04267,1.127882,-0.9574108,21.4036,258.2661,273.368,,Ground,
2019-08-12T15:42:45.5179770,,,-1.568862,0.5670159,-0.09479642,85.20164,291.1376,193.6231,-1.112641,0.9244092,-1.425113,358.5198,335.8437,26.63689,-1.042559,1.127803,-0.9576372,21.4075,258.3047,273.3769,,Ground,
2019-08-12T15:42:45.5449040,,,-1.569025,0.5670966,-0.09488058,85.20547,291.1412,193.6213,-1.112153,0.9241519,-1.425261,358.5157,335.8296,26.63116,-1.042658,1.127856,-0.9577532,21.41037,258.3613,273.3928,,Ground,
2019-08-12T15:42:45.5748240,,,-1.569053,0.5672755,-0.09482741,85.20172,291.0522,193.5294,-1.113089,0.9244512,-1.424929,358.5117,335.8322,26.63168,-1.042609,1.127953,-0.957793,21.41321,258.3796,273.4021,,Ground,
2019-08-12T15:42:45.6007570,,,-1.568998,0.5671811,-0.09482801,85.19862,291.0911,193.5687,-1.112664,0.9246286,-1.425056,358.5004,335.8421,26.63619,-1.042339,1.12785,-0.9578115,21.41434,258.4075,273.4171,,Ground,
2019-08-12T15:42:45.6326700,,,-1.568965,0.5672734,-0.09482205,85.18997,291.0461,193.5301,-1.113105,0.9248641,-1.424909,358.5025,335.8315,26.63882,-1.042351,1.127905,-0.9579091,21.42211,258.4312,273.4324,,Ground,
2019-08-12T15:42:45.6595970,,,-1.568924,0.567321,-0.09477764,85.19943,291.1146,193.5919,-1.112662,0.9247172,-1.425067,358.489,335.8353,26.63446,-1.042276,1.127797,-0.9577216,21.41682,258.4521,273.4346,,Ground,
2019-08-12T15:42:45.6865270,,,-1.568921,0.5671078,-0.09472907,85.19482,290.9667,193.4526,-1.113285,0.9248523,-1.424939,358.493,335.8326,26.63394,-1.04235,1.127751,-0.9576896,21.4207,258.4754,273.4478,,Ground,
2019-08-12T15:42:45.7130790,,,-1.569092,0.5671512,-0.09480703,85.20552,291.1323,193.6137,-1.114074,0.925141,-1.424736,358.4901,335.8412,26.62836,-1.042662,1.127843,-0.9578346,21.41954,258.5086,273.4505,,Ground,
2019-08-12T15:42:45.7300320,,,-1.569117,0.5671023,-0.09478515,85.20605,291.0411,193.5229,-1.113935,0.925088,-1.424824,358.4901,335.8412,26.62836,-1.042654,1.127734,-0.9578154,21.42022,258.517,273.4517,,Ground,
2019-08-12T15:42:45.7579590,,,-1.568886,0.5671779,-0.09478605,85.19706,291.0275,193.5121,-1.113174,0.9250233,-1.425186,358.4934,335.8365,26.62489,-1.042145,1.12774,-0.95794,21.42158,258.5566,273.4651,,Ground,
2019-08-12T15:42:45.7858830,,,-1.568843,0.5669602,-0.09474194,85.19515,291.0414,193.5172,-1.113749,0.9251813,-1.424834,358.4934,335.8365,26.62489,-1.042063,1.12775,-0.9579647,21.4264,258.5772,273.467,,Ground,
2019-08-12T15:42:45.8126640,,,-1.56881,0.5669475,-0.09474176,85.1927,291.0611,193.5372,-1.114219,0.9254633,-1.424596,358.5002,335.8254,26.62995,-1.04198,1.1278,-0.9578015,21.43295,258.5883,273.463,,Ground,
2019-08-12T15:42:45.8445780,,,-1.568737,0.5670104,-0.09472573,85.19992,291.0273,193.5028,-1.114036,0.9252026,-1.42452,358.5035,335.8208,26.62647,-1.041914,1.127797,-0.9576575,21.43713,258.5776,273.4526,,Ground,
2019-08-12T15:42:45.8774900,,,-1.568876,0.5672066,-0.09471154,85.19849,291.0773,193.5509,-1.114014,0.9252212,-1.424622,358.4991,335.8195,26.63602,-1.042344,1.127974,-0.9575253,21.44692,258.5578,273.4384,,Ground,
2019-08-12T15:42:45.9097420,,,-1.568757,0.5672042,-0.0945645,85.19968,291.0985,193.5868,-1.113256,0.9248518,-1.424791,358.4903,335.8226,26.63412,-1.0421,1.127825,-0.95739,21.46187,258.5322,273.4179,,Ground,
2019-08-12T15:42:45.9316840,,,-1.568712,0.567184,-0.09451246,85.20213,290.904,193.3793,-1.113585,0.9250845,-1.424635,358.4984,335.8174,26.63308,-1.042199,1.127758,-0.9573298,21.47,258.5296,273.425,,Ground,
2019-08-12T15:42:45.9536270,,,-1.568668,0.5672,-0.09456855,85.20441,291.0804,193.5448,-1.113391,0.9250314,-1.424813,358.5056,335.8102,26.62906,-1.042197,1.127743,-0.9574106,21.47148,258.5312,273.4318,,Ground,
2019-08-12T15:42:45.9755680,,,-1.568856,0.5671764,-0.0946188,85.19315,291.0754,193.5538,-1.114064,0.9251071,-1.424451,358.5075,335.8182,26.62593,-1.042245,1.127807,-0.9573919,21.46768,258.5155,273.434,,Ground,
2019-08-12T15:42:45.9985050,,,-1.568821,0.5671167,-0.09461468,85.19854,291.2917,193.7662,-1.113773,0.9250041,-1.424541,358.5067,335.8161,26.62299,-1.042148,1.12765,-0.9574226,21.46139,258.4934,273.4254,,Ground,
2019-08-12T15:42:46.0214430,,,-1.569007,0.5672013,-0.09464955,85.20678,291.0571,193.5275,-1.11418,0.9251292,-1.424402,358.5005,335.8126,26.61464,-1.04222,1.127671,-0.9573469,21.45896,258.4716,273.4189,,Ground,
2019-08-12T15:42:46.0433850,,,-1.569079,0.5671723,-0.09471536,85.20425,291.2876,193.7613,-1.114317,0.9251819,-1.424356,358.4939,335.8052,26.61534,-1.042406,1.127852,-0.9574922,21.46697,258.4613,273.4107,,Ground,
2019-08-12T15:42:46.0683170,,,-1.569096,0.5671597,-0.09467745,85.22217,291.2066,193.6843,-1.114029,0.9250134,-1.424448,358.4912,335.7952,26.61551,-1.042439,1.127821,-0.9574244,21.47219,258.4556,273.4042,,Ground,
2019-08-12T15:42:46.0892630,,,-1.569029,0.5670652,-0.09476495,85.21038,291.1125,193.5969,-1.114195,0.9249046,-1.424433,358.4884,335.8038,26.60994,-1.042378,1.127757,-0.9576138,21.47816,258.443,273.4033,,Ground,
2019-08-12T15:42:46.1112030,,,-1.568886,0.5671549,-0.09470713,85.20197,291.1704,193.6467,-1.113404,0.9248331,-1.424711,358.4931,335.8032,26.61239,-1.042284,1.127774,-0.9575663,21.4849,258.4236,273.4079,,Ground,
2019-08-12T15:42:46.1331450,,,-1.568971,0.5671484,-0.09458435,85.21357,291.207,193.6803,-1.113092,0.9247211,-1.424867,358.4952,335.7927,26.615,-1.042406,1.127718,-0.9574461,21.48632,258.4022,273.4036,,Ground,
2019-08-12T15:42:46.1550870,,,-1.56902,0.5670737,-0.09465063,85.20531,291.1081,193.5775,-1.11325,0.9247064,-1.424796,358.4901,335.7893,26.62162,-1.042444,1.127709,-0.9574766,21.48881,258.3858,273.4033,,Ground,
2019-08-12T15:42:46.1770290,,,-1.569138,0.5672745,-0.09474301,85.21783,291.1149,193.5864,-1.1128,0.9245548,-1.425109,358.4861,335.7919,26.62212,-1.04257,1.127953,-0.9576958,21.48781,258.3655,273.4037,,Ground,
2019-08-12T15:42:46.1989710,,,-1.569173,0.567255,-0.09467292,85.20319,291.0739,193.551,-1.112692,0.9245677,-1.425205,358.489,335.7834,26.62769,-1.042674,1.127912,-0.9575652,21.48681,258.3453,273.4039,,Ground,
2019-08-12T15:42:46.2219070,,,-1.56897,0.5672967,-0.09463203,85.20197,291.2449,193.7236,-1.112497,0.9246358,-1.425146,358.4922,335.7788,26.62422,-1.042427,1.12789,-0.9575782,21.48797,258.335,273.4122,,Ground,
2019-08-12T15:42:46.2458710,,,-1.568972,0.5673044,-0.09464347,85.21304,291.2299,193.698,-1.111927,0.9243892,-1.425364,358.4922,335.7788,26.62422,-1.042347,1.12789,-0.9576416,21.49043,258.3185,273.412,,Ground,
2019-08-12T15:42:46.2707800,,,-1.568857,0.567235,-0.09464073,85.20049,291.0422,193.5135,-1.11239,0.9244956,-1.42523,358.4903,335.7708,26.62736,-1.042328,1.127823,-0.9577479,21.49119,258.3116,273.4175,,Ground,
2019-08-12T15:42:46.2907280,,,-1.568707,0.5671504,-0.09457499,85.20016,291.0844,193.5642,-1.112342,0.9245905,-1.42535,358.4884,335.7629,26.63049,-1.042327,1.127756,-0.9576739,21.49135,258.3193,273.4329,,Ground,
2019-08-12T15:42:46.3126660,,,-1.56881,0.5670098,-0.09470177,85.20556,291.1125,193.5878,-1.11321,0.9248086,-1.425223,358.4851,335.7675,26.63396,-1.042393,1.127662,-0.9578583,21.49001,258.3255,273.4415,,Ground,
2019-08-12T15:42:46.3356320,,,-1.568679,0.5669336,-0.09468174,85.20098,291.069,193.5495,-1.112878,0.9246633,-1.425356,358.484,335.7616,26.64006,-1.042114,1.127603,-0.9579303,21.48869,258.3316,273.4501,,Ground,
2019-08-12T15:42:46.3575490,,,-1.568638,0.5670222,-0.09465492,85.19569,291.0904,193.571,-1.112714,0.9246358,-1.425109,358.4828,335.7557,26.64613,-1.042261,1.1276,-0.957834,21.48775,258.3343,273.4614,,Ground,
2019-08-12T15:42:46.3804840,,,-1.568614,0.5669857,-0.0946635,85.19445,291.0602,193.5454,-1.113104,0.9247453,-1.424962,358.4884,335.7571,26.65153,-1.042296,1.127707,-0.9579232,21.48533,258.3354,273.466,,Ground,
2019-08-12T15:42:46.4014280,Strong,,-1.568776,0.5671962,-0.09471691,85.19585,291.1113,193.5921,-1.112593,0.9244751,-1.425013,358.4891,335.7592,26.65449,-1.042371,1.127921,-0.957886,21.47758,258.3346,273.4618,start_trial,Ground,
2019-08-12T15:42:46.4233690,Strong,,-1.568636,0.5671206,-0.09473658,85.1914,291.3015,193.7769,-1.112871,0.9246176,-1.424844,358.4952,335.746,26.65657,-1.042145,1.127663,-0.9578514,21.47414,258.3538,273.4734,start_trial,Ground,
2019-08-12T15:42:46.4453100,Strong,,-1.568645,0.5670885,-0.09465516,85.1987,290.9461,193.4252,-1.113038,0.9245832,-1.424742,358.492,335.7506,26.66006,-1.042107,1.127659,-0.9577677,21.47561,258.3553,273.4802,start_trial,Ground,
2019-08-12T15:42:46.4702440,Strong,,-1.568725,0.5672145,-0.09480309,85.18062,291.2104,193.7036,-1.112596,0.9244421,-1.425083,358.492,335.7506,26.66006,-1.042199,1.127759,-0.95787,21.47909,258.3591,273.4796,start_trial,Ground,
2019-08-12T15:42:46.4921860,Strong,,-1.568704,0.5672204,-0.09480202,85.19821,291.2309,193.7215,-1.112619,0.924567,-1.425067,358.4975,335.7521,26.66545,-1.042254,1.127811,-0.9578091,21.48296,258.3595,273.4817,start_trial,Ground,
2019-08-12T15:42:46.5141260,Strong,,-1.568864,0.5671349,-0.09491634,85.21088,291.3403,193.8307,-1.113414,0.9246418,-1.424929,358.492,335.7506,26.66006,-1.042359,1.127722,-0.9578617,21.48827,258.3614,273.4907,start_trial,Ground,
2019-08-12T15:42:46.5340750,Strong,,-1.569066,0.5672397,-0.09477913,85.20989,291.317,193.794,-1.113111,0.9244841,-1.425042,358.4952,335.746,26.65657,-1.042582,1.127849,-0.9576823,21.49108,258.3568,273.4888,start_trial,Ground,
2019-08-12T15:42:46.5570120,Strong,,-1.569115,0.5671872,-0.09474701,85.2175,291.209,193.6928,-1.113225,0.9245205,-1.424803,358.4905,335.7466,26.65415,-1.04249,1.127832,-0.9578146,21.496,258.3622,273.495,start_trial,Ground,
2019-08-12T15:42:46.5789530,Strong,,-1.56902,0.5672945,-0.09467423,85.20731,291.2207,193.6888,-1.112529,0.9243825,-1.424946,358.4905,335.7466,26.65415,-1.042438,1.127903,-0.9576192,21.49882,258.3576,273.4931,start_trial,Ground,
2019-08-12T15:42:46.6018910,Strong,,-1.568918,0.5672106,-0.09464121,85.2198,291.1374,193.6152,-1.112187,0.924257,-1.425024,358.4964,335.7519,26.65049,-1.042474,1.127684,-0.957503,21.49666,258.3477,273.4851,start_trial,Ground,
2019-08-12T15:42:46.6238330,Strong,,-1.56894,0.5672647,-0.09472144,85.20654,291.1169,193.5994,-1.112171,0.9242366,-1.425056,358.4964,335.7519,26.65049,-1.042361,1.127851,-0.9576023,21.49586,258.3316,273.4685,start_trial,Ground,
2019-08-12T15:42:46.6457750,Strong,,-1.568875,0.5672796,-0.09481907,85.19992,291.1741,193.6533,-1.112288,0.9242805,-1.425098,358.4956,335.7499,26.64754,-1.04232,1.127861,-0.9576114,21.50623,258.3201,273.4556,start_trial,Ground,
2019-08-12T15:42:46.6727020,Strong,,-1.568901,0.5673264,-0.09482741,85.19698,291.1663,193.6509,-1.111746,0.9240851,-1.425278,358.4989,335.7453,26.64405,-1.042242,1.127938,-0.957691,21.51677,258.3163,273.458,start_trial,Ground,
2019-08-12T15:42:46.7026220,Strong,,-1.568948,0.5673299,-0.0948627,85.20053,291.1215,193.6008,-1.112401,0.9243392,-1.425044,358.5,335.7512,26.63796,-1.042216,1.127952,-0.9576356,21.51228,258.3305,273.4657,start_trial,Ground,
2019-08-12T15:42:46.7285530,Strong,,-1.569032,0.5672103,-0.0946812,85.20634,291.0253,193.5046,-1.11238,0.9243491,-1.425043,358.4993,335.7492,26.63501,-1.042474,1.127737,-0.957408,21.50878,258.3267,273.4663,start_trial,Ground,
2019-08-12T15:42:46.7584730,Strong,,-1.569001,0.56736,-0.09470737,85.20683,291.0896,193.5725,-1.112014,0.9243513,-1.425152,358.4945,335.7497,26.63257,-1.042439,1.127967,-0.9574997,21.50617,258.2972,273.4445,start_trial,Ground,
2019-08-12T15:42:46.7844040,Strong,,-1.569126,0.5672566,-0.09490871,85.19833,291.1841,193.6671,-1.112844,0.9246472,-1.425221,358.4799,335.7476,26.63433,-1.042537,1.127921,-0.9576521,21.51271,258.2853,273.4294,start_trial,Ground,
2019-08-12T15:42:46.8123290,Strong,,-1.569155,0.5672445,-0.09483832,85.2007,291.1744,193.6543,-1.11259,0.9245625,-1.425167,358.4732,335.7402,26.63503,-1.042707,1.127859,-0.9574056,21.52875,258.2876,273.4239,start_trial,Ground,
2019-08-12T15:42:46.8382610,Strong,,-1.56912,0.5673362,-0.09476542,85.1936,291.1431,193.6267,-1.112066,0.9243209,-1.425269,358.4713,335.7322,26.63817,-1.04278,1.127819,-0.9573551,21.53394,258.2819,273.4174,start_trial,Ground,
2019-08-12T15:42:46.8641910,Strong,,-1.568928,0.5672743,-0.09475827,85.19022,291.1978,193.6715,-1.111964,0.9242989,-1.425382,358.4702,335.7263,26.64425,-1.042554,1.127807,-0.9575368,21.53329,258.2581,273.4205,start_trial,Ground,
2019-08-12T15:42:46.8941100,Strong,,-1.568928,0.5672817,-0.09478784,85.19242,291.1342,193.6092,-1.111938,0.9242616,-1.425407,358.4662,335.7289,26.64477,-1.04262,1.127855,-0.9576167,21.53406,258.2513,273.426,start_trial,Ground,
2019-08-12T15:42:46.9185550,Strong,,-1.568969,0.5672753,-0.09477735,85.19275,291.157,193.6373,-1.112149,0.9243281,-1.425384,358.465,335.723,26.65087,-1.042657,1.127849,-0.9576542,21.53616,258.2383,273.4229,start_trial,Ground,
2019-08-12T15:42:46.9484750,Strong,,-1.568922,0.5672982,-0.09481037,85.18199,291.1722,193.6428,-1.112096,0.9242841,-1.425334,358.4665,335.7271,26.65678,-1.042555,1.127895,-0.9577357,21.53279,258.2421,273.4389,start_trial,Ground,
2019-08-12T15:42:46.9744050,Strong,,-1.568869,0.5671902,-0.09474099,85.19283,291.0779,193.5549,-1.111593,0.9240528,-1.425446,358.4614,335.7238,26.66339,-1.042505,1.127799,-0.9577339,21.53041,258.2433,273.4435,start_trial,Ground,
2019-08-12T15:42:47.0033270,Strong,,-1.568996,0.5672781,-0.09468102,85.18929,291.0854,193.5583,-1.111641,0.9241028,-1.425557,358.4678,335.7088,26.67747,-1.042567,1.127922,-0.9578097,21.53224,258.2414,273.4531,start_trial,Ground,
2019-08-12T15:42:47.0272690,Strong,,-1.568928,0.5671272,-0.09459412,85.18851,291.1093,193.5934,-1.112611,0.9244673,-1.425301,358.4857,335.6949,26.71432,-1.042583,1.127632,-0.957709,21.53169,258.2406,273.4672,start_trial,Ground,
2019-08-12T15:42:47.0541930,Strong,,-1.568902,0.5670575,-0.09470749,85.1831,291.1022,193.5802,-1.112923,0.9246494,-1.425225,358.5181,335.6663,26.81246,-1.042587,1.127819,-0.9580272,21.53531,258.2521,273.4819,start_trial,Ground,
2019-08-12T15:42:47.0711490,Strong,,-1.569008,0.5671271,-0.09474146,85.19543,291.1322,193.6169,-1.112712,0.9243793,-1.425085,358.5006,335.6483,26.97405,-1.042529,1.127839,-0.9579215,21.52903,258.2528,273.4844,start_trial,Ground,
2019-08-12T15:42:47.0960800,Strong,,-1.569002,0.5671289,-0.09466499,85.19234,291.1344,193.6111,-1.113455,0.9246545,-1.42489,358.5744,335.7614,27.29464,-1.042468,1.127773,-0.9579078,21.5277,258.259,273.493,start_trial,Ground,
2019-08-12T15:42:47.1236280,Strong,,-1.56899,0.5670929,-0.09470212,85.19189,291.1983,193.6727,-1.113646,0.9245699,-1.424712,358.7689,335.9814,27.64945,-1.042421,1.12778,-0.9578779,21.52884,258.2487,273.5013,start_trial,Ground,
2019-08-12T15:42:47.1525510,Strong,,-1.569085,0.5671047,-0.0946759,85.19641,291.1345,193.611,-1.113492,0.9245906,-1.424929,358.8941,336.1589,27.85262,-1.042458,1.127747,-0.9578673,21.52636,258.2268,273.4948,start_trial,Ground,
2019-08-12T15:42:47.1834680,Strong,,-1.5691,0.5670979,-0.09483874,85.19229,291.3276,193.8055,-1.113759,0.9245874,-1.425114,358.9683,336.3583,28.20835,-1.042361,1.127669,-0.9580735,21.53618,258.2146,273.496,start_trial,Ground,
2019-08-12T15:42:47.2054090,Strong,,-1.569044,0.5673138,-0.09487379,85.1881,291.1765,193.6612,-1.113418,0.924426,-1.425414,358.9712,336.3876,28.33679,-1.042459,1.127864,-0.958244,21.53656,258.2112,273.4988,start_trial,Ground,
2019-08-12T15:42:47.2273500,Strong,,-1.569061,0.5673447,-0.09478939,85.19312,291.1526,193.6267,-1.112983,0.9244829,-1.425476,358.9725,336.4121,28.59045,-1.042475,1.127791,-0.9581388,21.54041,258.2115,273.5009,start_trial,Ground,
2019-08-12T15:42:47.2492920,Strong,,-1.569163,0.5673263,-0.0947541,85.20205,291.128,193.6023,-1.113379,0.9244087,-1.425069,358.9881,336.3843,28.68661,-1.042501,1.127842,-0.9578116,21.54041,258.2115,273.5009,start_trial,Ground,
2019-08-12T15:42:47.2732280,Strong,,-1.569191,0.5673549,-0.09478033,85.20082,291.0916,193.5647,-1.112876,0.9241531,-1.425203,358.9945,336.385,28.73054,-1.042526,1.127937,-0.9578333,21.5419,258.2131,273.5077,start_trial,Ground,
2019-08-12T15:42:47.2961670,Strong,,-1.569056,0.5672617,-0.09486544,85.19087,291.1892,193.6673,-1.112893,0.9242671,-1.42523,359.0381,336.3859,28.77007,-1.042273,1.127794,-0.9579512,21.54398,258.2,273.5046,start_trial,Ground,
2019-08-12T15:42:47.3171120,Strong,,-1.568947,0.5673083,-0.09487951,85.18574,291.1328,193.6104,-1.112762,0.9242989,-1.425212,359.0558,336.3792,28.78575,-1.042071,1.12785,-0.9579321,21.54714,258.192,273.5055,start_trial,Ground,
2019-08-12T15:42:47.3410490,Strong,,-1.568929,0.5673409,-0.09484833,85.20315,291.3018,193.7704,-1.112274,0.9240988,-1.425338,359.0623,336.3431,28.81427,-1.041991,1.127891,-0.957816,21.54821,258.197,273.5095,start_trial,Ground,
2019-08-12T15:42:47.3619910,Strong,,-1.568972,0.5673707,-0.09479374,85.20123,291.2396,193.7238,-1.112859,0.9242431,-1.42514,359.0619,336.2526,28.88156,-1.042247,1.127941,-0.9577785,21.54119,258.2047,273.5064,start_trial,Ground,
2019-08-12T15:42:47.3849300,Strong,,-1.568985,0.5674233,-0.09468037,85.20078,291.1556,193.6227,-1.112909,0.9243167,-1.425436,359.0599,336.175,28.94919,-1.042486,1.127911,-0.9576622,21.53948,258.2142,273.5123,start_trial,Ground,
2019-08-12T15:42:47.4086190,Strong,,-1.568846,0.567235,-0.09459031,85.18989,291.2054,193.6713,-1.112468,0.9241778,-1.425534,359.0621,336.1223,28.969,-1.042456,1.127738,-0.9576466,21.54645,258.2219,273.5111,start_trial,Ground,
2019-08-12T15:42:47.4305600,Strong,,-1.568796,0.5673012,-0.0946871,85.20874,291.0744,193.5392,-1.113286,0.9245422,-1.425149,358.9937,335.8268,29.16628,-1.042299,1.127854,-0.9577894,21.54957,258.2291,273.5077,start_trial,Ground,
2019-08-12T15:42:47.4535000,Strong,,-1.568983,0.5672319,-0.09461522,85.2011,291.1733,193.6291,-1.113584,0.9245666,-1.425341,358.9902,335.5998,29.29393,-1.042655,1.127825,-0.9577024,21.53987,258.2491,273.5219,start_trial,Ground,
2019-08-12T15:42:47.4744430,Strong,,-1.569058,0.567183,-0.09463584,85.19087,291.1414,193.596,-1.113027,0.9242606,-1.425443,359.0101,335.4368,29.38973,-1.042743,1.127851,-0.9576827,21.53403,258.2693,273.5382,start_trial,Ground,
2019-08-12T15:42:47.4973820,Strong,,-1.569086,0.5671532,-0.09456468,85.1903,291.1278,193.6063,-1.11323,0.9242676,-1.425451,359.006,335.3769,29.42187,-1.042504,1.127727,-0.9578224,21.52524,258.2636,273.5299,start_trial,Ground,
2019-08-12T15:42:47.5217510,Strong,,-1.569022,0.5671142,-0.09469831,85.19788,291.0748,193.5497,-1.113431,0.924347,-1.425216,359.043,335.3048,29.51389,-1.042488,1.127692,-0.9578925,21.52415,258.2586,273.5259,start_trial,Ground,
2019-08-12T15:42:47.5426950,Strong,,-1.568899,0.5671157,-0.09460866,85.1934,291.0619,193.5287,-1.112966,0.9240317,-1.425116,359.0735,335.3087,29.56051,-1.042416,1.127562,-0.9577955,21.51991,258.2617,273.521,start_trial,Ground,
2019-08-12T15:42:47.5626410,Strong,,-1.568868,0.5671274,-0.09472084,85.18822,291.3004,193.7666,-1.113087,0.9242976,-1.424831,359.1262,335.3954,29.53461,-1.042385,1.127744,-0.9578352,21.52783,258.2667,273.5084,start_trial,Ground,
2019-08-12T15:42:47.5845820,Strong,,-1.568831,0.5670812,-0.09478831,85.20058,291.2238,193.6899,-1.113444,0.9241592,-1.424633,359.1492,335.4747,29.50939,-1.042352,1.12772,-0.9579034,21.53093,258.2739,273.505,start_trial,Ground,
2019-08-12T15:42:47.6085180,Strong,,-1.568735,0.5671319,-0.09471816,85.18777,291.0313,193.4842,-1.113047,0.9239109,-1.42487,359.3096,335.6562,29.53396,-1.04234,1.127742,-0.957881,21.53519,258.2709,273.5099,start_trial,Ground,
2019-08-12T15:42:47.6294630,Strong,,-1.568761,0.5672672,-0.09481645,85.18981,291.1667,193.6355,-1.113166,0.9239155,-1.424804,359.4781,335.8171,29.55138,-1.042442,1.127872,-0.958029,21.54183,258.2667,273.5102,start_trial,Ground,
2019-08-12T15:42:47.6524010,Strong,,-1.568773,0.5672646,-0.09484828,85.20148,291.2267,193.7027,-1.112686,0.9237218,-1.424935,359.6204,335.9422,29.62784,-1.042463,1.127821,-0.9580917,21.53872,258.2594,273.5136,start_trial,Ground,
2019-08-12T15:42:47.6753390,Strong,,-1.568758,0.5671301,-0.09487957,85.19907,291.1372,193.6143,-1.112208,0.9235917,-1.425287,359.7261,336.0329,29.69641,-1.042434,1.127691,-0.9581808,21.53682,258.2647,273.5363,start_trial,Ground,
2019-08-12T15:42:47.6992760,Strong,,-1.568853,0.5672609,-0.09499639,85.19891,291.415,193.8842,-1.112683,0.9236943,-1.42527,359.7635,336.1127,29.72886,-1.042494,1.127913,-0.9584669,21.53308,258.272,273.5496,start_trial,Ground,
2019-08-12T15:42:47.7192240,Strong,,-1.568912,0.5672638,-0.09497064,85.2,291.2993,193.7823,-1.112859,0.9237401,-1.425184,359.7799,336.2017,29.77295,-1.04262,1.127875,-0.9584033,21.5224,258.2946,273.5751,start_trial,Ground,
2019-08-12T15:42:47.7441560,Strong,,-1.568904,0.5674261,-0.09508044,85.20499,291.4506,193.9244,-1.112512,0.9236594,-1.425548,359.7829,336.2143,29.77578,-1.042715,1.127941,-0.9586213,21.51557,258.3175,273.6028,start_trial,Ground,
2019-08-12T15:42:47.7651000,Strong,,-1.568839,0.567322,-0.09491134,85.21001,291.2321,193.6963,-1.112301,0.9236017,-1.425647,359.7958,336.246,29.84286,-1.04276,1.127645,-0.9585675,21.50659,258.3305,273.6224,start_trial,Ground,
2019-08-12T15:42:47.7870440,Strong,,-1.568936,0.5673811,-0.09468138,85.1991,291.3791,193.848,-1.112021,0.9235932,-1.425601,359.8134,336.2793,29.88868,-1.042664,1.127756,-0.9586219,21.50851,258.3591,273.6584,start_trial,Ground,
2019-08-12T15:42:47.8099800,Strong,,-1.569026,0.5674979,-0.09464061,85.22127,291.2001,193.6796,-1.111495,0.9232162,-1.425617,359.8105,336.3248,29.93721,-1.042719,1.12789,-0.9586577,21.50164,258.382,273.686,start_trial,Ground,
2019-08-12T15:42:47.8309240,Strong,,-1.56906,0.5675217,-0.09464556,85.20618,291.2163,193.6914,-1.111588,0.9233027,-1.425511,359.8052,336.3609,29.97399,-1.042646,1.127912,-0.9587941,21.49998,258.3992,273.7072,start_trial,Ground,
2019-08-12T15:42:47.8528650,Strong,,-1.569117,0.5674812,-0.09474742,85.21595,291.2462,193.7297,-1.112454,0.9235078,-1.425554,359.7779,336.3993,30.05191,-1.042566,1.127914,-0.9591229,21.49162,258.4205,273.728,start_trial,Ground,
2019-08-12T15:42:47.8768020,Strong,,-1.569042,0.5671926,-0.09461904,85.21276,291.1843,193.6617,-1.111871,0.9233775,-1.425649,359.7685,336.4166,30.10357,-1.042332,1.127609,-0.9589869,21.48569,258.4408,273.7443,start_trial,Ground,
2019-08-12T15:42:47.9007370,Strong,,-1.569057,0.5670977,-0.09454483,85.2257,291.2363,193.7188,-1.112482,0.92349,-1.425474,359.6991,336.475,30.18089,-1.042346,1.127557,-0.9589739,21.4815,258.4514,273.7547,start_trial,Ground,
2019-08-12T15:42:47.9216840,Strong,,-1.569036,0.5670612,-0.09466159,85.21194,291.3551,193.8345,-1.11294,0.9236757,-1.425244,359.6773,336.5225,30.19609,-1.042423,1.12758,-0.9588714,21.4832,258.4648,273.7599,start_trial,Ground,
2019-08-12T15:42:47.9436260,Strong,,-1.569135,0.5670861,-0.0946967,85.21828,291.3082,193.7861,-1.113035,0.9236109,-1.425032,359.6795,336.5328,30.19599,-1.042402,1.127661,-0.9588584,21.4775,258.4892,273.7593,start_trial,Ground,
2019-08-12T15:42:47.9705510,Strong,,-1.569075,0.5669459,-0.09471947,85.20707,291.2607,193.7387,-1.112547,0.9234421,-1.425385,359.6696,336.5511,30.18566,-1.042577,1.127654,-0.9589413,21.47578,258.5411,273.755,start_trial,Ground,
2019-08-12T15:42:47.9984760,Strong,,-1.56929,0.5670006,-0.09482116,85.21243,291.2622,193.7527,-1.112963,0.923564,-1.425254,359.6288,336.5544,30.20534,-1.042612,1.127824,-0.9590329,21.47456,258.5743,273.7577,start_trial,Ground,
2019-08-12T15:42:48.0254070,Strong,,-1.569227,0.5670986,-0.09471923,85.22111,291.204,193.6833,-1.112284,0.9232592,-1.425552,359.5668,336.5839,30.30466,-1.04255,1.127706,-0.9588013,21.46961,258.6342,273.7524,start_trial,Ground,
2019-08-12T15:42:48.0553240,Strong,,-1.568953,0.5671144,-0.09471834,85.20311,291.209,193.6903,-1.111687,0.9231254,-1.425584,359.5166,336.6069,30.34045,-1.042345,1.12778,-0.9588146,21.46837,258.6673,273.7551,start_trial,Ground,
2019-08-12T15:42:48.0812550,Strong,,-1.569122,0.5671566,-0.09484893,85.21529,291.3994,193.8773,-1.111754,0.92294,-1.425783,359.4734,336.6622,30.40231,-1.04241,1.127797,-0.9589785,21.46567,258.6989,273.7511,start_trial,Ground,
2019-08-12T15:42:48.1121730,Strong,,-1.569041,0.5673038,-0.09485865,85.20931,291.3635,193.8432,-1.111218,0.9226733,-1.425808,359.4546,336.7253,30.42302,-1.042344,1.127921,-0.9589083,21.46505,258.7404,273.755,start_trial,Ground,
2019-08-12T15:42:48.1391010,Strong,,-1.569045,0.5673559,-0.09486634,85.21185,291.2662,193.7437,-1.111362,0.9229192,-1.425725,359.451,336.7308,30.41465,-1.042258,1.127939,-0.9589894,21.46051,258.7815,273.7567,start_trial,Ground,
2019-08-12T15:42:48.1670250,Strong,,-1.568896,0.5672139,-0.09488082,85.19698,291.2934,193.7784,-1.111058,0.9228519,-1.425791,359.4073,336.7014,30.37221,-1.042147,1.127704,-0.9590108,21.45096,258.84,273.7633,start_trial,Ground,
2019-08-12T15:42:48.1919600,Strong,,-1.568915,0.5672304,-0.09483284,85.19952,291.356,193.8285,-1.111669,0.923133,-1.425773,359.3641,336.6739,30.34449,-1.042271,1.127668,-0.9591104,21.45288,258.8652,273.7669,start_trial,Ground,
2019-08-12T15:42:48.4432870,Strong,,-1.56879,0.5671304,-0.09485728,85.20425,291.2478,193.7374,-1.112431,0.9234576,-1.425297,359.2882,336.6457,30.32351,-1.042839,1.12783,-0.9587812,21.45216,258.9066,273.7708,start_trial,Ground,
2019-08-12T15:42:48.4732110,Strong,blackOut,-1.568798,0.5672261,-0.09480011,85.20646,291.2909,193.7732,-1.113255,0.923405,-1.424757,359.3444,336.5387,30.36282,-1.042944,1.127767,-0.95895,21.43958,259.1,273.7312,pending_pulling,Ground,
2019-08-12T15:42:48.4971440,Strong,blackOut,-1.569242,0.5672383,-0.09471786,85.21062,291.3499,193.8441,-1.112926,0.9231443,-1.424644,359.4464,336.646,30.3581,-1.04287,1.12758,-0.9589156,21.44344,259.1273,273.7274,pending_pulling,Ground,
2019-08-12T15:42:48.5325630,Strong,blackOut,-1.569153,0.5672258,-0.09475964,85.2054,291.2936,193.7743,-1.112454,0.9230446,-1.424434,359.6064,337.2983,30.26779,-1.042557,1.127657,-0.9591514,21.44304,259.1652,273.734,pending_pulling,Ground,
2019-08-12T15:42:48.5515120,Strong,blackOut,-1.569108,0.5672588,-0.09475422,85.20164,291.2622,193.7479,-1.112309,0.9231175,-1.42425,359.7364,338.0822,30.22537,-1.042345,1.127758,-0.9593463,21.44239,259.1913,273.7422,pending_pulling,Ground,
2019-08-12T15:42:48.5824290,Strong,blackOut,-1.568973,0.567313,-0.09487116,85.20201,291.089,193.5685,-1.112644,0.9234272,-1.424358,359.8235,339.4023,30.06026,-1.042274,1.127771,-0.9594709,21.43134,259.2404,273.7615,pending_pulling,Ground,
2019-08-12T15:42:48.6123490,Strong,blackOut,-1.568918,0.5673302,-0.09498692,85.19474,291.2529,193.7392,-1.113182,0.9236327,-1.424071,359.7864,340.1496,29.85364,-1.042344,1.127809,-0.9595628,21.42194,259.322,273.7996,pending_pulling,Ground,
2019-08-12T15:42:48.6402760,Strong,blackOut,-1.568845,0.5672109,-0.09481251,85.2114,291.0924,193.5638,-1.112725,0.9232876,-1.423862,359.7498,340.6738,29.58588,-1.04221,1.127683,-0.959456,21.42332,259.3773,273.8294,pending_pulling,Ground,
2019-08-12T15:42:48.6691980,Strong,blackOut,-1.568752,0.5672336,-0.0947184,85.19952,290.9589,193.4441,-1.113368,0.9235539,-1.423724,359.9296,340.9594,29.39197,-1.042463,1.1276,-0.9592532,21.41104,259.4289,273.86,pending_pulling,Ground,
2019-08-12T15:42:48.6951290,Strong,blackOut,-1.568839,0.5673554,-0.09474552,85.20351,291.1297,193.6101,-1.11405,0.9239786,-1.423405,-0.005302788,341.035,29.2709,-1.04257,1.127799,-0.9592962,21.40342,259.4474,273.8693,pending_pulling,Ground,
2019-08-12T15:42:48.7236750,Strong,blackOut,-1.568892,0.5673686,-0.09470707,85.19412,291.0678,193.5494,-1.114789,0.9242385,-1.423094,0.07925626,341.0333,29.14859,-1.042492,1.127911,-0.9594094,21.40323,259.4817,273.8785,pending_pulling,Ground,
2019-08-12T15:42:48.7496030,Strong,blackOut,-1.569024,0.5673003,-0.09481299,85.2112,291.2383,193.7223,-1.115649,0.9246833,-1.422978,0.0836374,341.0028,29.13358,-1.042612,1.127887,-0.9596235,21.3984,259.5224,273.88,pending_pulling,Ground,
2019-08-12T15:42:48.7755330,Strong,blackOut,-1.569064,0.5673541,-0.09482497,85.2047,291.1985,193.6807,-1.115856,0.9248866,-1.42287,0.06390284,340.9942,29.1264,-1.042519,1.12792,-0.9596202,21.39603,259.5812,273.8906,pending_pulling,Ground,
2019-08-12T15:42:48.8034590,Strong,blackOut,-1.569003,0.5673811,-0.09475827,85.20367,291.1762,193.6553,-1.115718,0.9247375,-1.422665,0.06053385,341.0023,29.13254,-1.042385,1.127938,-0.959412,21.40075,259.6133,273.8907,pending_pulling,Ground,
2019-08-12T15:42:48.8293900,Strong,blackOut,-1.569127,0.5673519,-0.09480023,85.2139,291.2773,193.7614,-1.116579,0.9249996,-1.422338,0.07197057,341.0164,29.1404,-1.04257,1.12784,-0.9593649,21.40298,259.6273,273.8817,pending_pulling,Ground,
2019-08-12T15:42:48.8603060,Strong,blackOut,-1.568977,0.5672969,-0.09472251,85.19952,291.02,193.5019,-1.116899,0.9253161,-1.422087,0.09502377,341.0154,29.12665,-1.042466,1.127791,-0.9594152,21.40999,259.6465,273.8789,pending_pulling,Ground,
2019-08-12T15:42:48.8852410,Strong,blackOut,-1.568954,0.5673519,-0.09472799,85.20441,291.1252,193.6067,-1.11695,0.9254697,-1.422022,0.09694818,341.0527,29.09968,-1.042518,1.12788,-0.9594457,21.41445,259.6936,273.8746,pending_pulling,Ground,
2019-08-12T15:42:48.9141640,Strong,blackOut,-1.569034,0.5674217,-0.0947684,85.20404,291.1088,193.5908,-1.117651,0.9257772,-1.421749,0.1030078,341.2005,29.08063,-1.042573,1.127846,-0.9595332,21.41118,259.7398,273.8658,pending_pulling,Ground,
2019-08-12T15:42:48.9400940,Strong,blackOut,-1.569025,0.5674496,-0.09474725,85.20008,291.1242,193.5937,-1.117544,0.9256821,-1.421683,0.0975407,341.3103,29.09519,-1.042567,1.127832,-0.9594467,21.41338,259.773,273.8705,pending_pulling,Ground,
2019-08-12T15:42:48.9640300,Strong,blackOut,-1.568925,0.5674067,-0.09476078,85.19131,291.074,193.5559,-1.117678,0.9257013,-1.421635,0.07031127,341.4908,29.14045,-1.042328,1.127743,-0.9595021,21.42147,259.8088,273.87,pending_pulling,Ground,
2019-08-12T15:42:48.9819820,Strong,blackOut,-1.569091,0.5672684,-0.09485036,85.19984,291.059,193.5436,-1.118823,0.9260086,-1.421271,0.05473842,341.5101,29.15039,-1.042397,1.127654,-0.9595747,21.41817,259.8166,273.869,pending_pulling,Ground,
2019-08-12T15:42:49.0069160,Strong,blackOut,-1.568983,0.5670822,-0.09477234,85.20148,291.1688,193.6507,-1.118783,0.9258799,-1.421188,0.03577824,341.536,29.15166,-1.042333,1.127504,-0.9595789,21.42624,259.8524,273.8685,pending_pulling,Ground,
2019-08-12T15:42:49.0373750,Strong,blackOut,-1.568941,0.567221,-0.0948019,85.19641,291.0617,193.5403,-1.118419,0.925781,-1.421247,0.04407351,341.5858,29.12693,-1.04227,1.127748,-0.9596858,21.43186,259.8701,273.8588,pending_pulling,Ground,
2019-08-12T15:42:49.0672940,Strong,blackOut,-1.568995,0.5672424,-0.09462178,85.20123,290.9751,193.4557,-1.118333,0.9259193,-1.421414,0.07161498,341.671,29.10927,-1.042602,1.127686,-0.9596651,21.43347,259.8949,273.8623,pending_pulling,Ground,
2019-08-12T15:42:49.0932270,Strong,blackOut,-1.568861,0.5672488,-0.09467077,85.19772,291.0522,193.5267,-1.118726,0.926256,-1.421255,0.04281889,341.8651,29.05937,-1.042444,1.127694,-0.9597137,21.43497,259.9581,273.8931,pending_pulling,Ground,
2019-08-12T15:42:49.1191580,Strong,blackOut,-1.56889,0.5672758,-0.09463167,85.20213,291.1058,193.5837,-1.118976,0.9264843,-1.421365,0.01558777,341.8658,29.04366,-1.042582,1.127742,-0.9597331,21.4178,260.0081,273.9003,pending_pulling,Ground,
2019-08-12T15:42:49.1480800,Strong,blackOut,-1.568766,0.5671514,-0.09462428,85.19495,291.1066,193.5868,-1.119497,0.9265962,-1.42097,359.9898,341.8775,29.03956,-1.042314,1.127789,-0.9598078,21.41129,260.0354,273.8965,pending_pulling,Ground,
2019-08-12T15:42:49.1740100,Strong,blackOut,-1.568764,0.5671506,-0.09462583,85.19952,291.0942,193.5705,-1.119453,0.9266034,-1.421007,359.9936,341.8719,29.03638,-1.042274,1.127781,-0.9598768,21.41493,260.0624,273.8926,pending_pulling,Ground,
2019-08-12T15:42:49.1989430,Strong,blackOut,-1.568852,0.5671088,-0.0947057,85.20499,291.0273,193.5061,-1.119696,0.9265708,-1.420757,359.9918,341.8599,29.03664,-1.042245,1.12777,-0.959778,21.41878,260.1127,273.8854,pending_pulling,Ground,
2019-08-12T15:42:49.2268680,Strong,blackOut,-1.56901,0.5671686,-0.09485412,85.20613,291.2775,193.7618,-1.119641,0.9266268,-1.420711,359.9751,341.8434,29.0499,-1.042291,1.127902,-0.9598614,21.42373,260.1412,273.8882,pending_pulling,Ground,
2019-08-12T15:42:49.2518080,Strong,blackOut,-1.56892,0.567225,-0.09476817,85.20041,291.0946,193.5806,-1.11964,0.9267485,-1.420661,359.9474,341.8446,29.06085,-1.042348,1.12791,-0.9597645,21.43317,260.1593,273.8808,pending_pulling,Ground,
2019-08-12T15:42:49.2787300,Strong,blackOut,-1.568975,0.5672963,-0.09482807,85.204,291.1127,193.5914,-1.119426,0.9267088,-1.420905,359.916,341.8203,29.05756,-1.042477,1.127982,-0.9598056,21.43959,260.1702,273.8768,pending_pulling,Ground,
2019-08-12T15:42:49.3056610,Strong,blackOut,-1.56902,0.5672408,-0.09480435,85.20605,291.1986,193.6754,-1.119323,0.9266357,-1.420883,359.8975,341.8182,29.04418,-1.042361,1.127889,-0.9597069,21.44312,260.1855,273.8746,pending_pulling,Ground,
2019-08-12T15:42:49.3335830,Strong,blackOut,-1.568992,0.5672871,-0.09491372,85.19601,291.1425,193.6255,-1.120134,0.926917,-1.420615,359.8347,341.7962,29.01069,-1.042274,1.127881,-0.9598234,21.45212,260.2069,273.8643,pending_pulling,Ground,
2019-08-12T15:42:49.3605130,Strong,blackOut,-1.5691,0.5672693,-0.09484553,85.20181,290.9598,193.4402,-1.120289,0.9269676,-1.420625,359.8051,341.7841,29.00713,-1.042455,1.127756,-0.9597929,21.45512,260.2141,273.8609,pending_pulling,Ground,
2019-08-12T15:42:49.3844470,Strong,blackOut,-1.569072,0.5673416,-0.09480566,85.18961,291.1155,193.5977,-1.120231,0.9270184,-1.420561,359.7884,341.7661,29.00563,-1.042434,1.127756,-0.9598049,21.4582,260.2327,273.8558,pending_pulling,Ground,
2019-08-12T15:42:49.4053920,Strong,blackOut,-1.568858,0.5671445,-0.09461343,85.20866,290.9775,193.4602,-1.120122,0.9270256,-1.420537,359.7482,341.7451,29.00002,-1.042335,1.127467,-0.9597864,21.45547,260.2604,273.8542,pending_pulling,Ground,
2019-08-12T15:42:49.4283300,Strong,blackOut,-1.56894,0.5672615,-0.09464735,85.20197,291.2192,193.7018,-1.12036,0.9272962,-1.420413,359.7209,341.7476,28.99907,-1.042381,1.127779,-0.9598413,21.45056,260.2742,273.8617,pending_pulling,Ground,
2019-08-12T15:42:49.4532630,Strong,blackOut,-1.568875,0.5673283,-0.09459764,85.19585,291.0048,193.4889,-1.12023,0.9273757,-1.420662,359.6609,341.7477,28.98876,-1.042461,1.127851,-0.9598548,21.44995,260.3273,273.8844,pending_pulling,Ground,
2019-08-12T15:42:49.4752050,Strong,blackOut,-1.568859,0.5671142,-0.09462869,85.2058,291.1295,193.612,-1.120128,0.9274084,-1.420785,359.554,341.7464,28.9878,-1.042515,1.127701,-0.9599687,21.44977,260.3464,273.898,pending_pulling,Ground,
2019-08-12T15:42:49.4961520,Strong,blackOut,-1.568834,0.5670916,-0.09460759,85.20841,291.155,193.6467,-1.120698,0.9275615,-1.420588,359.4013,341.7521,29.00485,-1.042474,1.127664,-0.9599844,21.456,260.3764,273.9077,pending_pulling,Ground,
2019-08-12T15:42:49.5180910,Strong,blackOut,-1.568845,0.5670159,-0.09469283,85.20148,291.0962,193.5808,-1.121101,0.9274931,-1.420441,359.3723,341.7473,29.02184,-1.042375,1.127622,-0.960166,21.45268,260.3842,273.9066,pending_pulling,Ground,
2019-08-12T15:42:49.5390340,Strong,blackOut,-1.568938,0.5672112,-0.09471238,85.20335,291.1567,193.6415,-1.121213,0.9274424,-1.420434,359.3166,341.7507,29.04358,-1.042385,1.127799,-0.9602009,21.45024,260.3969,273.9094,pending_pulling,Ground,
2019-08-12T15:42:49.5619730,Strong,blackOut,-1.568925,0.5672359,-0.09470463,85.20972,291.0147,193.4997,-1.121106,0.9276165,-1.420591,359.277,341.7372,29.05849,-1.042461,1.127732,-0.9601716,21.44825,260.4063,273.9151,pending_pulling,Ground,
2019-08-12T15:42:49.5849120,Strong,blackOut,-1.568999,0.5671936,-0.09490448,85.20507,291.0417,193.5347,-1.121616,0.9277959,-1.420593,359.2221,341.6873,29.08101,-1.042435,1.127683,-0.960341,21.44963,260.4194,273.9202,pending_pulling,Ground,
2019-08-12T15:42:49.6068550,Strong,blackOut,-1.56912,0.5673094,-0.094944,85.20008,291.0498,193.547,-1.121476,0.9277217,-1.42058,359.11,341.5735,29.12355,-1.042432,1.127823,-0.9603463,21.44659,260.4545,273.9339,pending_pulling,Ground,
2019-08-12T15:42:49.6317870,Strong,blackOut,-1.569143,0.5672678,-0.09487653,85.19804,291.1242,193.6163,-1.121336,0.9275389,-1.42062,359.0554,341.4976,29.14654,-1.042397,1.12765,-0.9603184,21.44165,260.4682,273.9413,pending_pulling,Ground,
2019-08-12T15:42:49.6557220,Strong,blackOut,-1.569245,0.5672671,-0.09480381,85.21746,291.15,193.6413,-1.12126,0.9273307,-1.420579,359.044,341.4529,29.12151,-1.042368,1.127597,-0.960326,21.44011,260.4858,273.9481,pending_pulling,Ground,
2019-08-12T15:42:49.6776660,Strong,blackOut,-1.56926,0.5673457,-0.09477419,85.20433,291.1552,193.6514,-1.121178,0.9271917,-1.420462,359.0512,341.41,29.10984,-1.042371,1.127794,-0.9602109,21.43989,260.5049,273.9617,pending_pulling,Ground,
2019-08-12T15:42:49.6996050,Strong,blackOut,-1.569214,0.5673254,-0.09479558,85.21268,291.097,193.5829,-1.1211,0.9273011,-1.420411,359.039,341.3631,29.10855,-1.042327,1.127755,-0.9602304,21.43697,260.5093,273.9634,pending_pulling,Ground,
2019-08-12T15:42:49.7225470,Strong,blackOut,-1.56909,0.5674058,-0.09476572,85.20343,291.1559,193.6395,-1.120185,0.9270405,-1.420631,359.0092,341.3242,29.11729,-1.042195,1.127815,-0.9600887,21.43584,260.5235,273.9731,pending_pulling,Ground,
2019-08-12T15:42:49.7454820,Strong,blackOut,-1.568871,0.5673191,-0.0946101,85.19804,291.0576,193.5299,-1.11999,0.9269893,-1.420695,358.9897,341.2913,29.1252,-1.042082,1.127796,-0.9599725,21.44014,260.5321,273.9764,pending_pulling,Ground,
2019-08-12T15:42:49.7674240,Strong,blackOut,-1.568751,0.567346,-0.09470493,85.19376,291.1357,193.6141,-1.119702,0.9269122,-1.42074,358.9969,341.279,29.13077,-1.041985,1.127855,-0.9600546,21.43883,260.5306,273.9697,pending_pulling,Ground,
2019-08-12T15:42:49.7893680,Strong,blackOut,-1.568759,0.5672932,-0.09468019,85.19128,290.9709,193.4697,-1.119903,0.9270967,-1.421008,359.0045,341.2679,29.12447,-1.042161,1.127838,-0.9600704,21.44475,260.5333,273.9645,pending_pulling,Ground,
2019-08-12T15:42:49.8133010,Strong,blackOut,-1.568926,0.5671816,-0.0947454,85.20008,291.1615,193.6413,-1.119772,0.9270562,-1.421008,359.0136,341.2368,29.11242,-1.042271,1.12777,-0.9601725,21.44723,260.5321,273.96,pending_pulling,Ground,
2019-08-12T15:42:49.8332480,Strong,blackOut,-1.568971,0.5671556,-0.09474587,85.20139,291.1949,193.676,-1.120739,0.9272709,-1.420725,359.0022,341.2245,29.11941,-1.042472,1.127824,-0.9602379,21.4473,260.5437,273.9583,pending_pulling,Ground,
2019-08-12T15:42:49.8551890,Strong,blackOut,-1.56898,0.5671667,-0.09464359,85.20891,291.1443,193.6303,-1.120434,0.9272786,-1.42101,358.985,341.206,29.12986,-1.042611,1.127767,-0.9602553,21.45027,260.5508,273.9549,pending_pulling,Ground,
2019-08-12T15:42:49.8781290,Strong,blackOut,-1.569031,0.567168,-0.09465671,85.20303,291.0924,193.5628,-1.120223,0.9271815,-1.420993,358.9681,341.1902,29.1432,-1.042666,1.12774,-0.9602429,21.45589,260.561,273.9651,pending_pulling,Ground,
2019-08-12T15:42:49.9010670,Strong,blackOut,-1.568938,0.5671169,-0.09474194,85.20621,290.9175,193.4072,-1.120585,0.927443,-1.420845,358.9555,341.2004,29.15878,-1.042435,1.127613,-0.9603363,21.4602,260.5696,273.9684,pending_pulling,Ground,
2019-08-12T15:42:49.9230080,Strong,blackOut,-1.568855,0.5671468,-0.09471273,85.18948,291.1315,193.6151,-1.120494,0.9272458,-1.420604,358.9874,341.2278,29.20623,-1.042421,1.127664,-0.9601126,21.45949,260.5804,273.9809,pending_pulling,Ground,
2019-08-12T15:42:49.9459460,Strong,blackOut,-1.568886,0.5672592,-0.09469843,85.20474,291.0529,193.5413,-1.12034,0.9272148,-1.420467,358.9897,341.2789,29.28503,-1.042437,1.127855,-0.9600337,21.45111,260.5905,273.9888,pending_pulling,Ground,
2019-08-12T15:42:49.9678900,Strong,blackOut,-1.568826,0.5672698,-0.09475315,85.20029,291.0475,193.529,-1.119707,0.926935,-1.420617,358.968,341.3599,29.39165,-1.042235,1.12771,-0.9600645,21.45108,260.5789,273.9905,pending_pulling,Ground,
2019-08-12T15:42:49.9898290,Strong,blackOut,-1.568757,0.5673095,-0.0947836,85.20507,291.2113,193.7014,-1.119886,0.9270703,-1.420692,358.9659,341.4773,29.49311,-1.042156,1.127721,-0.9600848,21.4488,260.5609,273.9815,pending_pulling,Ground,
2019-08-12T15:42:50.0137660,Strong,blackOut,-1.568634,0.567176,-0.09482622,85.19441,291.1652,193.6552,-1.119853,0.9271174,-1.421088,358.9488,341.557,29.5608,-1.042108,1.127593,-0.9602123,21.45423,260.5554,273.9753,pending_pulling,Ground,
2019-08-12T15:42:50.0347090,Strong,blackOut,-1.568769,0.5672631,-0.09468144,85.20115,290.9933,193.4854,-1.120261,0.927231,-1.421097,358.8932,341.6314,29.62529,-1.042469,1.127591,-0.9601148,21.45926,260.5532,273.9661,pending_pulling,Ground,
2019-08-12T15:42:50.0586460,Strong,blackOut,-1.568856,0.5672075,-0.09476352,85.2168,291.085,193.5694,-1.120422,0.9271001,-1.420971,358.8546,341.6587,29.65403,-1.042442,1.12758,-0.9601539,21.46987,260.5612,273.9672,pending_pulling,Ground,
2019-08-12T15:42:50.0795890,Strong,blackOut,-1.568952,0.5672113,-0.09481061,85.19894,291.0646,193.5535,-1.120308,0.9268668,-1.420789,358.8056,341.6801,29.68357,-1.042517,1.127717,-0.9601384,21.47461,260.5665,273.9734,pending_pulling,Ground,
2019-08-12T15:42:50.1005350,Strong,blackOut,-1.569009,0.5672301,-0.09478986,85.19756,291.1022,193.587,-1.120414,0.9268941,-1.420754,358.7883,341.6892,29.68165,-1.04257,1.127763,-0.9602004,21.47251,260.5642,273.9808,pending_pulling,Ground,
2019-08-12T15:42:50.1274620,Strong,blackOut,-1.569117,0.5672593,-0.09466136,85.21439,291.048,193.5364,-1.119568,0.9265707,-1.420843,358.7863,341.6729,29.66444,-1.042507,1.127532,-0.9601057,21.46751,260.5665,273.9899,pending_pulling,Ground,
2019-08-12T15:42:50.1563860,Strong,blackOut,-1.568894,0.5671651,-0.0946213,85.19882,291.1095,193.6024,-1.119296,0.9265732,-1.420839,358.7656,341.6272,29.64617,-1.042403,1.127576,-0.960193,21.46302,260.5884,273.9984,pending_pulling,Ground,
2019-08-12T15:42:50.1823140,Strong,blackOut,-1.56895,0.5672516,-0.09464335,85.20931,290.963,193.4445,-1.119653,0.9266977,-1.420838,358.7585,341.6102,29.63815,-1.042604,1.127792,-0.9603372,21.46145,260.6059,274.0052,pending_pulling,Ground,
2019-08-12T15:42:50.2092450,Strong,blackOut,-1.56904,0.5672935,-0.09472936,85.2074,291.0826,193.5634,-1.119559,0.9266254,-1.420938,358.7299,341.5439,29.62089,-1.042651,1.127931,-0.9603666,21.45355,260.6241,274.0143,pending_pulling,Ground,
2019-08-12T15:42:50.2348420,Strong,blackOut,-1.569014,0.5672594,-0.09474874,85.20478,291.1732,193.6563,-1.119828,0.9268695,-1.420792,358.7296,341.5136,29.63033,-1.042536,1.127739,-0.9603975,21.4549,260.6372,274.0194,pending_pulling,Ground,
2019-08-12T15:42:50.2607720,Strong,blackOut,-1.568941,0.5672635,-0.09473634,85.19637,290.8903,193.3787,-1.120004,0.9270222,-1.420761,358.7207,341.4573,29.63504,-1.042478,1.127795,-0.9604893,21.4508,260.6558,274.0308,pending_pulling,Ground,
2019-08-12T15:42:50.2887010,Strong,blackOut,-1.568915,0.5672375,-0.09478629,85.19552,291.1425,193.6281,-1.120239,0.9271451,-1.420702,358.737,341.3851,29.65298,-1.042463,1.127838,-0.9604822,21.44627,260.6778,274.0392,pending_pulling,Ground,
2019-08-12T15:42:50.3156260,Strong,blackOut,-1.568916,0.567197,-0.09475684,85.19718,291.1189,193.5985,-1.119908,0.9267988,-1.420785,358.7846,341.3608,29.65884,-1.042387,1.127853,-0.9604605,21.45054,260.6864,274.0427,pending_pulling,Ground,
2019-08-12T15:42:50.3435530,Strong,blackOut,-1.568942,0.5671632,-0.09478343,85.19809,290.9421,193.4285,-1.119794,0.9266334,-1.420706,358.8179,341.3637,29.65636,-1.042322,1.127805,-0.9603815,21.45054,260.6864,274.0427,pending_pulling,Ground,
2019-08-12T15:42:50.3664900,Strong,blackOut,-1.568938,0.5670875,-0.09480155,85.19352,291.0314,193.521,-1.120695,0.9268382,-1.420445,358.9586,341.3329,29.6348,-1.042344,1.12758,-0.9603291,21.44766,260.7023,274.0427,pending_pulling,Ground,
2019-08-12T15:42:50.3924210,Strong,blackOut,-1.568856,0.5671394,-0.0947901,85.18993,291.1347,193.6126,-1.120403,0.9268295,-1.420729,359.052,341.3034,29.63721,-1.042199,1.127606,-0.9602317,21.44903,260.7269,274.046,pending_pulling,Ground,
2019-08-12T15:42:50.4113700,Strong,blackOut,-1.568822,0.5671489,-0.09475279,85.18769,290.9896,193.4742,-1.120503,0.9268193,-1.420583,359.1774,341.2694,29.62832,-1.042092,1.127714,-0.9601238,21.45116,260.7407,274.0369,pending_pulling,Ground,
2019-08-12T15:42:50.4333110,Strong,blackOut,-1.568874,0.5671648,-0.09474921,85.18598,290.9898,193.4752,-1.120509,0.926833,-1.420595,359.2709,341.2433,29.63336,-1.042041,1.127731,-0.9601439,21.45458,260.756,274.0346,pending_pulling,Ground,
2019-08-12T15:42:50.4552530,Strong,,-1.568787,0.5671425,-0.09470344,85.1809,290.9156,193.402,-1.121194,0.9272928,-1.420472,359.3328,341.2231,29.63775,-1.041919,1.127655,-0.960058,21.45666,260.7582,274.0273,pending_pulling,Ground,
2019-08-12T15:42:50.4742030,Strong,,-1.568871,0.5670637,-0.09479725,85.19772,291.001,193.4982,-1.121788,0.927428,-1.420459,359.3716,341.2054,29.64382,-1.041966,1.12758,-0.960173,21.46806,260.7553,274.0159,pending_pulling,Ground,
2019-08-12T15:42:50.4971410,Strong,,-1.568905,0.5669986,-0.09471369,85.19673,290.86,193.3439,-1.12181,0.9274388,-1.42042,359.3846,341.1996,29.64585,-1.042067,1.127502,-0.9599636,21.47895,260.7443,274.0034,pending_pulling,Ground,
2019-08-12T15:42:50.5276280,Strong,,-1.568967,0.5669204,-0.09482735,85.20576,291.1736,193.6582,-1.122,0.9273373,-1.420206,359.3838,341.196,29.65481,-1.042074,1.127454,-0.9599415,21.48441,260.7387,273.9972,pending_pulling,Ground,
2019-08-12T15:42:50.5635320,Strong,,-1.568982,0.5671839,-0.09474123,85.18387,291.0836,193.5807,-1.121809,0.9275287,-1.420141,359.3603,341.1658,29.66291,-1.042307,1.127831,-0.9596424,21.49696,260.7332,273.9744,pending_pulling,Ground,
2019-08-12T15:42:50.5864700,Strong,,-1.568745,0.5671692,-0.09457541,85.19283,290.8353,193.3174,-1.121522,0.9275421,-1.419872,359.3454,341.16,29.66117,-1.042206,1.127903,-0.959632,21.502,260.731,273.9653,pending_pulling,Ground,
2019-08-12T15:42:50.6084190,Strong,,-1.568803,0.5671194,-0.0946399,85.20197,291.0437,193.5293,-1.121908,0.9275834,-1.419988,359.321,341.1535,29.66611,-1.04219,1.1277,-0.9596041,21.50702,260.7288,273.9562,pending_pulling,Ground,
2019-08-12T15:42:50.6307810,Strong,,-1.568935,0.5671966,-0.09453189,85.18997,291.2087,193.6914,-1.121995,0.9276603,-1.41996,359.3138,341.1383,29.67274,-1.042366,1.127711,-0.9594877,21.51586,260.727,273.9493,pending_pulling,Ground,
2019-08-12T15:42:50.6547170,Strong,,-1.568936,0.567301,-0.09439957,85.20123,291.155,193.6284,-1.121848,0.9276937,-1.41978,359.3028,341.0997,29.67999,-1.042365,1.127684,-0.9593925,21.5141,260.7288,273.9397,pending_pulling,Ground,
2019-08-12T15:42:50.6756610,Strong,,-1.569025,0.5672041,-0.09451693,85.2067,291.1482,193.6398,-1.122347,0.9276834,-1.419945,359.2922,341.0911,29.67798,-1.04243,1.127665,-0.9594837,21.52209,260.7336,273.9272,pending_pulling,Ground,
2019-08-12T15:42:50.6976020,Strong,,-1.568828,0.5670801,-0.09455657,85.17367,291.1185,193.6109,-1.122407,0.9277253,-1.419919,359.2899,341.0767,29.67538,-1.042153,1.127397,-0.9595155,21.52711,260.7314,273.9182,pending_pulling,Ground,
2019-08-12T15:42:50.7225350,Strong,,-1.569011,0.5670724,-0.0945971,85.20004,290.9862,193.4766,-1.122748,0.9278511,-1.419772,359.2938,341.044,29.68434,-1.042219,1.127345,-0.95939,21.53228,260.7449,273.9255,pending_pulling,Ground,
2019-08-12T15:42:50.7424820,Strong,,-1.568882,0.5671931,-0.09457219,85.19242,291.1786,193.6665,-1.122761,0.9277918,-1.419841,359.2903,341.0233,29.68781,-1.042246,1.127702,-0.959332,21.52776,260.7668,273.934,pending_pulling,Ground,
2019-08-12T15:42:50.7654210,Strong,,-1.568724,0.5671197,-0.09467882,85.19527,291.0423,193.5408,-1.12227,0.9277996,-1.420048,359.2866,341.0017,29.70313,-1.042158,1.127664,-0.9594041,21.52556,260.7604,273.9233,pending_pulling,Ground,
2019-08-12T15:42:50.7873620,Strong,,-1.568691,0.5670903,-0.09478307,85.18326,291.182,193.6699,-1.121763,0.9276452,-1.420378,359.2957,340.9743,29.72043,-1.041964,1.12767,-0.9594566,21.5267,260.7462,273.9136,pending_pulling,Ground,
2019-08-12T15:42:50.8093050,Strong,,-1.568618,0.5671093,-0.09471953,85.17635,291.0186,193.5098,-1.121829,0.9276238,-1.420127,359.3068,340.9298,29.73483,-1.041875,1.127653,-0.9593812,21.5295,260.726,273.8954,pending_pulling,Ground,
2019-08-12T15:42:50.8322420,Strong,,-1.568593,0.5670812,-0.09472573,85.17842,291.181,193.6718,-1.121894,0.9276328,-1.42015,359.3156,340.8998,29.74921,-1.041964,1.127554,-0.9593138,21.53068,260.7234,273.8841,pending_pulling,Ground,
2019-08-12T15:42:50.8541840,Strong,,-1.568759,0.5672018,-0.09477401,85.17644,291.1063,193.6029,-1.122182,0.9277123,-1.420129,359.3171,340.8548,29.77024,-1.042341,1.127776,-0.9592512,21.54159,260.7238,273.8699,pending_pulling,Ground,
2019-08-12T15:42:50.8761250,Strong,,-1.568762,0.5671945,-0.09476542,85.19176,291.0147,193.5045,-1.121889,0.9276331,-1.420204,359.3202,340.8188,29.78805,-1.04237,1.127824,-0.9592453,21.5441,260.7227,273.8653,pending_pulling,Ground,
2019-08-12T15:42:50.8990640,Strong,,-1.568666,0.5670726,-0.09473765,85.18012,291.1708,193.6564,-1.121897,0.927642,-1.420172,359.3228,340.7802,29.80302,-1.042296,1.127476,-0.9591968,21.55086,260.7187,273.8658,pending_pulling,Ground,
2019-08-12T15:42:50.9230010,Strong,,-1.568992,0.5670589,-0.09489596,85.19176,291.1995,193.6924,-1.122333,0.9275395,-1.420053,359.3335,340.7333,29.81444,-1.042409,1.12768,-0.9594916,21.55105,260.688,273.8539,pending_pulling,Ground,
2019-08-12T15:42:50.9439430,Strong,,-1.568939,0.5671248,-0.09478658,85.19051,291.2369,193.7218,-1.122076,0.9275196,-1.419977,359.3419,340.7008,29.82588,-1.042347,1.127698,-0.9593903,21.54923,260.6668,273.8477,pending_pulling,Ground,
2019-08-12T15:42:50.9658850,Strong,,-1.568828,0.566973,-0.09484375,85.17802,291.1477,193.6506,-1.122153,0.9275018,-1.419937,359.3324,340.7002,29.83255,-1.042276,1.1276,-0.9594784,21.5521,260.6508,273.8477,pending_pulling,Ground,
2019-08-12T15:42:50.9888230,Strong,,-1.56887,0.5670233,-0.09475768,85.19104,291.2173,193.7067,-1.12222,0.9275407,-1.419946,359.3312,340.694,29.83862,-1.042504,1.127583,-0.9594278,21.5521,260.6508,273.8477,pending_pulling,Ground,
2019-08-12T15:42:51.0107650,Strong,,-1.569026,0.5668889,-0.09475422,85.19498,291.1776,193.6861,-1.122304,0.9275506,-1.419961,359.3289,340.6816,29.85071,-1.042474,1.127557,-0.9595135,21.54959,260.652,273.8522,pending_pulling,Ground,
2019-08-12T15:42:51.0327070,Strong,,-1.569192,0.5669814,-0.09479487,85.20719,291.2578,193.7486,-1.122183,0.9273633,-1.419951,359.3217,340.6666,29.85734,-1.042539,1.127732,-0.95954,21.54459,260.6542,273.8614,pending_pulling,Ground,
2019-08-12T15:42:51.0556450,Strong,,-1.569137,0.5669536,-0.09484613,85.18732,291.0869,193.5805,-1.122456,0.9274695,-1.419871,359.3202,340.6577,29.8605,-1.042391,1.127648,-0.9597114,21.54139,260.6662,273.8784,pending_pulling,Ground,
2019-08-12T15:42:51.0775870,Strong,,-1.569128,0.566977,-0.09484595,85.19131,291.2474,193.7376,-1.122452,0.9275685,-1.420024,359.3198,340.6551,29.85761,-1.042477,1.12762,-0.9598067,21.53773,260.6815,273.8925,pending_pulling,Ground,
2019-08-12T15:42:51.1015230,Strong,,-1.569254,0.5670649,-0.09487236,85.19731,291.241,193.7373,-1.122317,0.9274241,-1.420053,359.3225,340.6434,29.86047,-1.042513,1.127774,-0.9598539,21.53807,260.7129,273.9254,pending_pulling,Ground,
2019-08-12T15:42:51.1294490,Strong,,-1.569209,0.5671426,-0.09490192,85.19503,291.3152,193.8107,-1.122097,0.9274147,-1.420108,359.3141,340.649,29.86109,-1.042416,1.127778,-0.959959,21.53368,260.7391,273.9521,pending_pulling,Ground,
2019-08-12T15:42:51.1563760,Strong,,-1.569058,0.5672075,-0.09496015,85.18549,291.1794,193.6687,-1.121553,0.9274279,-1.420324,359.3167,340.6373,29.86393,-1.042168,1.127868,-0.9599911,21.52912,260.7495,273.9623,pending_pulling,Ground,
2019-08-12T15:42:51.1783170,Strong,,-1.568919,0.5673301,-0.0948683,85.17664,291.1602,193.6491,-1.12127,0.9273705,-1.420268,359.3126,340.6401,29.86427,-1.042108,1.127926,-0.9598107,21.52367,260.7551,273.9686,pending_pulling,Ground,
2019-08-12T15:42:51.2032510,Strong,,-1.568882,0.5672675,-0.09480256,85.19617,291.152,193.6392,-1.121085,0.9272962,-1.420314,359.3023,340.6342,29.86517,-1.04196,1.127821,-0.9597467,21.51735,260.7558,273.9709,pending_pulling,Ground,
2019-08-12T15:42:51.2271870,Strong,,-1.568785,0.5671704,-0.09478271,85.18139,291.066,193.5569,-1.12134,0.9272105,-1.420295,359.2965,340.6281,29.86862,-1.042101,1.127681,-0.9596999,21.51822,260.7606,273.9748,pending_pulling,Ground,
2019-08-12T15:42:51.2511230,Strong,,-1.568791,0.5671709,-0.09468317,85.19038,291.0038,193.4913,-1.121305,0.9271983,-1.420276,359.3004,340.6227,29.86543,-1.042201,1.1277,-0.9595411,21.51778,260.7639,273.972,pending_pulling,Ground,
2019-08-12T15:42:51.2770540,Strong,,-1.56885,0.5672497,-0.09474754,85.18696,291.2071,193.6972,-1.121271,0.9272349,-1.420396,359.3,340.62,29.86255,-1.042229,1.127902,-0.9596305,21.51913,260.777,273.9771,pending_pulling,Ground,
2019-08-12T15:42:51.3009890,Strong,,-1.568878,0.5673629,-0.0946517,85.18696,291.1012,193.5867,-1.12106,0.9271004,-1.420368,359.3038,340.6145,29.85934,-1.042257,1.127957,-0.9595691,21.52295,260.7774,273.9794,pending_pulling,Ground,
2019-08-12T15:42:51.3279220,Strong,,-1.568766,0.5672373,-0.09457952,85.18708,291.1989,193.6863,-1.121723,0.9273644,-1.42009,359.2981,340.6085,29.86282,-1.042069,1.127714,-0.9595754,21.5225,260.7693,273.9782,pending_pulling,Ground,
2019-08-12T15:42:51.3528510,Strong,,-1.568696,0.5671977,-0.09467763,85.17696,291.122,193.611,-1.121821,0.9273725,-1.420138,359.2935,340.6104,29.87497,-1.042041,1.127664,-0.9596782,21.53044,260.7511,273.9691,pending_pulling,Ground,
2019-08-12T15:42:51.3777840,Strong,,-1.568779,0.5673189,-0.09479445,85.18005,291.2756,193.7629,-1.122147,0.9274907,-1.420188,359.2996,340.5924,29.88644,-1.042482,1.127841,-0.9597294,21.5325,260.7418,273.9634,pending_pulling,Ground,
2019-08-12T15:42:51.4027170,Strong,,-1.569048,0.5672204,-0.09487009,85.18781,291.3405,193.8291,-1.122025,0.9273359,-1.420128,359.2992,340.5897,29.88353,-1.042443,1.12782,-0.9596164,21.53792,260.7362,273.9572,pending_pulling,Ground,
2019-08-12T15:42:51.4296460,Strong,,-1.569,0.5671903,-0.09494996,85.19486,291.3549,193.8447,-1.122099,0.9273899,-1.42013,359.2992,340.5897,29.88353,-1.042254,1.12776,-0.9597881,21.5476,260.7278,273.956,pending_pulling,Ground,
2019-08-12T15:42:51.4555760,Strong,,-1.568863,0.5672753,-0.09485334,85.1894,291.2563,193.7453,-1.121395,0.9272709,-1.420267,359.2969,340.5756,29.88091,-1.042247,1.127834,-0.9595751,21.55013,260.7267,273.9514,pending_pulling,Ground,
2019-08-12T15:42:51.4805090,Strong,,-1.568878,0.5673354,-0.09481645,85.19209,291.2007,193.6903,-1.121515,0.9275243,-1.420509,359.3083,340.561,29.88601,-1.042382,1.127852,-0.959663,21.54928,260.7333,273.9458,pending_pulling,Ground,
2019-08-12T15:42:51.5074380,Strong,,-1.568886,0.5673187,-0.09483933,85.19184,291.17,193.6561,-1.121337,0.9274339,-1.420598,359.3114,340.552,29.89175,-1.042393,1.127835,-0.9597421,21.55178,260.7322,273.9412,pending_pulling,Ground,
2019-08-12T15:42:51.5253890,Strong,,-1.568918,0.5673072,-0.09478939,85.19119,291.041,193.5285,-1.121655,0.9275483,-1.420536,359.3186,340.5402,29.89715,-1.042219,1.127757,-0.9597406,21.55989,260.7412,273.9468,pending_pulling,Ground,
2019-08-12T15:42:51.5523170,Strong,,-1.56902,0.5672203,-0.09478295,85.19421,291.2792,193.7661,-1.122556,0.9275498,-1.420031,359.3208,340.4443,29.91848,-1.042233,1.127677,-0.9596096,21.56007,260.7685,273.9616,pending_pulling,Ground,
2019-08-12T15:42:51.5802440,Strong,,-1.569122,0.5672816,-0.09476125,85.19373,291.1492,193.6421,-1.122801,0.9276884,-1.420305,359.3224,340.13,29.97688,-1.04256,1.127706,-0.9595436,21.55491,260.7665,273.9526,pending_pulling,Ground,
2019-08-12T15:42:51.6071710,Strong,,-1.569087,0.5673266,-0.09475064,85.19324,291.1397,193.6226,-1.122797,0.9276522,-1.420528,359.3247,339.7994,30.02885,-1.042577,1.127832,-0.959538,21.55816,260.743,273.9372,pending_pulling,Ground,
2019-08-12T15:42:51.6333990,Strong,,-1.569149,0.5673103,-0.09472752,85.20188,291.2147,193.7013,-1.122286,0.9277328,-1.420779,359.3199,339.0813,30.13489,-1.042552,1.127743,-0.9594799,21.57943,260.7126,273.911,pending_pulling,Ground,
2019-08-12T15:42:51.6623210,Strong,,-1.569226,0.5671555,-0.09475613,85.19593,291.149,193.6464,-1.122329,0.9274805,-1.420848,359.2908,338.4355,30.21136,-1.042466,1.127699,-0.9596069,21.60334,260.6852,273.8983,pending_pulling,Ground,
2019-08-12T15:42:51.6932390,Strong,,-1.56912,0.5672414,-0.094697,85.2007,291.2043,193.694,-1.121069,0.9272701,-1.421149,359.269,337.2392,30.16047,-1.042422,1.127677,-0.9596152,21.65137,260.6693,273.886,pending_pulling,Ground,
2019-08-12T15:42:51.7241560,Strong,,-1.568964,0.5672317,-0.09478003,85.19279,291.1604,193.647,-1.119879,0.9269331,-1.421674,359.2616,336.6346,29.86862,-1.042164,1.127549,-0.9597528,21.72332,260.6649,273.9093,pending_pulling,Ground,
2019-08-12T15:42:51.7515920,Strong,,-1.568957,0.5671153,-0.09458905,85.189,290.9281,193.4245,-1.119522,0.926745,-1.421831,359.1627,336.4793,29.65633,-1.041674,1.12771,-0.9597633,21.77678,260.7216,273.9872,pending_pulling,Ground,
2019-08-12T15:42:51.7815130,Strong,,-1.569024,0.5671369,-0.0946902,85.1956,291.1304,193.6169,-1.119166,0.9267554,-1.422078,358.9062,336.3454,29.19553,-1.039367,1.128312,-0.9598269,21.92503,261.0308,274.3067,pending_pulling,Ground,
2019-08-12T15:42:51.8084400,Strong,,-1.569046,0.5671265,-0.09474838,85.19968,291.1078,193.5948,-1.118863,0.9266738,-1.422009,358.7139,336.3016,28.91737,-1.03766,1.128867,-0.9597087,22.1533,261.5726,274.8053,pending_pulling,Ground,
2019-08-12T15:42:51.8377750,Strong,,-1.56891,0.5672567,-0.09475744,85.19184,291.1193,193.6038,-1.118568,0.9266278,-1.422016,358.5843,336.3383,28.72443,-1.035548,1.129765,-0.9588468,22.6842,262.8457,275.9771,pending_pulling,Ground,
2019-08-12T15:42:51.8647030,Strong,,-1.568957,0.5672766,-0.09469706,85.19315,291.2315,193.7167,-1.117868,0.9266498,-1.422217,358.5517,336.3746,28.62722,-1.03382,1.130083,-0.9575264,22.94489,264.1164,277.0699,pending_pulling,Ground,
2019-08-12T15:42:51.8896380,Strong,,-1.568848,0.5673184,-0.09469354,85.18777,291.1288,193.617,-1.117322,0.9265414,-1.422244,358.6308,336.4152,28.46938,-1.030854,1.131009,-0.9556414,22.71342,265.5937,277.9756,pending_pulling,Ground,
2019-08-12T15:42:51.9145700,Strong,,-1.568968,0.5673515,-0.09475237,85.18769,291.166,193.6517,-1.117283,0.9265614,-1.422168,358.6439,336.4307,28.34866,-1.02898,1.131472,-0.9545853,22.29542,267.492,278.9713,pending_pulling,Ground,
2019-08-12T15:42:51.9424960,Strong,,-1.568961,0.5673662,-0.09476805,85.19405,291.1256,193.6113,-1.117024,0.9265336,-1.422406,358.6403,336.452,28.25075,-1.026386,1.13212,-0.9538916,20.97517,270.3393,279.8908,pending_pulling,Ground,
2019-08-12T15:42:51.9694230,Strong,,-1.568907,0.5673299,-0.09476459,85.1934,291.2003,193.6796,-1.11658,0.9263072,-1.422521,358.5908,336.4598,28.14897,-1.021396,1.133135,-0.9539113,18.84573,272.8182,280.0714,pending_pulling,Ground,
2019-08-12T15:42:51.9953530,Strong,,-1.568859,0.5671288,-0.09481442,85.19723,291.197,193.6814,-1.116913,0.9263707,-1.422351,358.5788,336.4963,28.10288,-1.017916,1.13342,-0.9547718,16.5024,274.7675,279.7297,pending_pulling,Ground,
2019-08-12T15:42:52.0212850,Strong,,-1.568912,0.5671134,-0.09472656,85.19128,291.1498,193.6315,-1.116689,0.9263865,-1.422415,358.5771,336.5551,28.06174,-1.014623,1.133715,-0.9560196,12.39681,276.7588,278.3711,pending_pulling,Ground,
2019-08-12T15:42:52.0482140,Strong,,-1.568889,0.5672656,-0.09469622,85.19601,291.0186,193.5041,-1.11501,0.9259017,-1.423002,358.5433,336.6387,28.01545,-1.00931,1.133837,-0.9590905,9.818989,277.432,277.461,pending_pulling,Ground,
2019-08-12T15:42:52.0761380,Strong,,-1.568942,0.5671396,-0.09482628,85.20098,291.0518,193.5286,-1.11465,0.9259146,-1.423346,358.5146,336.6968,28.01018,-1.00478,1.133922,-0.9618032,3.285763,277.6923,275.9843,pending_pulling,Ground,
2019-08-12T15:42:52.1020690,Strong,,-1.568879,0.5671064,-0.09485185,85.19653,291.1671,193.6435,-1.115871,0.9261729,-1.423018,358.4599,336.8048,28.00505,-0.9963495,1.133242,-0.9681189,356.9233,276.8221,276.6397,pending_pulling,Ground,
2019-08-12T15:42:52.1280000,Strong,,-1.568822,0.5671896,-0.09472567,85.19641,291.1645,193.6478,-1.115291,0.9262582,-1.423279,358.4538,336.8618,27.98515,-0.9905888,1.130752,-0.9731528,351.4793,275.3075,278.3466,pending_pulling,Ground,
2019-08-12T15:42:52.1479470,Strong,,-1.568877,0.5671365,-0.0947445,85.19898,291.0835,193.5603,-1.115849,0.9264306,-1.423145,358.4631,336.8849,27.96332,-0.9845954,1.126818,-0.9780412,347.2986,273.4519,280.3548,pending_pulling,Ground,
2019-08-12T15:42:52.1758710,Strong,,-1.56886,0.5672234,-0.09470022,85.1938,291.1082,193.5935,-1.115516,0.9263337,-1.423264,358.4825,336.9401,27.88972,-0.977973,1.121793,-0.9831827,340.1689,268.4276,285.5931,pending_pulling,Ground,
2019-08-12T15:42:52.2028000,Strong,,-1.56885,0.5673022,-0.09475231,85.19854,291.0624,193.5526,-1.115635,0.9265212,-1.423179,358.4826,337.008,27.84521,-0.9670585,1.107394,-0.9904226,332.6417,258.5648,295.6135,pending_pulling,Ground,
2019-08-12T15:42:52.2283320,Strong,,-1.568774,0.567289,-0.09484315,85.19673,291.2012,193.6782,-1.116334,0.9268113,-1.422932,358.446,337.0403,27.8045,-0.9600754,1.097743,-0.994048,328.8329,249.9217,304.5828,pending_pulling,Ground,
2019-08-12T15:42:52.2572250,Strong,,-1.568825,0.5672356,-0.09491932,85.19854,291.1893,193.6644,-1.116719,0.9269432,-1.422951,358.3766,337.0603,27.72837,-0.9530317,1.087979,-0.9974214,326.2606,233.9908,321.914,pending_pulling,Ground,
2019-08-12T15:42:52.2841520,Strong,,-1.568754,0.5672691,-0.09486353,85.19234,291.1474,193.6298,-1.116609,0.9270449,-1.422939,358.344,337.0675,27.70198,-0.9450555,1.072583,-1.002695,327.1524,222.8162,334.4586,pending_pulling,Ground,
2019-08-12T15:42:52.3100830,Strong,,-1.568802,0.5672702,-0.09478867,85.2096,291.1475,193.6212,-1.115964,0.9267477,-1.42318,358.2632,337.0723,27.66886,-0.9395391,1.063113,-1.004556,333.0819,207.4715,350.1612,pending_pulling,Ground,
2019-08-12T15:42:52.3347980,Strong,,-1.568803,0.5673352,-0.09481633,85.19739,291.1656,193.6513,-1.11576,0.9266476,-1.423258,358.2371,337.0645,27.65667,-0.9339736,1.054953,-1.006511,338.5312,200.9532,357.146,pending_pulling,Ground,
2019-08-12T15:42:52.3617250,Strong,,-1.568916,0.5673382,-0.09477848,85.21034,291.2706,193.7476,-1.115648,0.9266667,-1.423419,358.2123,337.0612,27.65035,-0.9264371,1.045763,-1.008139,343.3061,195.4487,2.613172,pending_pulling,Ground,
2019-08-12T15:42:52.3886530,Strong,,-1.568766,0.5671639,-0.09470999,85.20907,291.2416,193.7318,-1.115609,0.9267527,-1.423625,358.1795,337.1318,27.60014,-0.9216084,1.03994,-1.009092,349.0463,189.0846,8.446341,pending_pulling,Ground,
2019-08-12T15:42:52.4135860,Strong,,-1.568689,0.5671809,-0.0945918,85.19875,291.0837,193.5732,-1.114847,0.9264508,-1.423541,358.1099,337.1901,27.53876,-0.9168439,1.035197,-1.009663,352.14,185.67,10.93916,pending_pulling,Ground,
2019-08-12T15:42:52.4395180,Strong,,-1.568735,0.5673047,-0.09456658,85.20388,291.1659,193.6504,-1.114223,0.92638,-1.423812,358.0575,337.2136,27.51735,-0.9094278,1.026292,-1.010696,354.7682,182.8412,12.69954,pending_pulling,Ground,
2019-08-12T15:42:52.4634530,Strong,,-1.568712,0.5673298,-0.09452206,85.20752,291.2622,193.743,-1.113981,0.9262547,-1.423944,358.0387,337.2142,27.51934,-0.9067873,1.022448,-1.011173,355.8514,181.6448,13.42814,pending_pulling,Ground,
2019-08-12T15:42:52.4843970,Strong,,-1.568861,0.5672499,-0.09443384,85.20461,291.015,193.5111,-1.114241,0.9261247,-1.423791,358.0191,337.2143,27.50641,-0.9050652,1.019502,-1.01118,358.3323,178.6351,15.1098,pending_pulling,Ground,
2019-08-12T15:42:52.5073350,Strong,,-1.568925,0.5671839,-0.09456062,85.21758,291.2483,193.7415,-1.114296,0.9262003,-1.424078,358.006,337.2237,27.48084,-0.9036526,1.016785,-1.011667,359.7032,177.0303,15.89685,pending_pulling,Ground,
2019-08-12T15:42:52.5302750,Strong,,-1.568835,0.5672507,-0.09469104,85.20343,291.1651,193.6528,-1.114158,0.9260864,-1.424232,357.986,337.2043,27.45893,-0.9027792,1.01396,-1.011942,1.049543,175.5869,16.70616,pending_pulling,Ground,
2019-08-12T15:42:52.5522160,Strong,,-1.5688,0.5672027,-0.09455937,85.21619,291.2626,193.7523,-1.113583,0.9260254,-1.424331,357.9383,337.1658,27.45196,-0.9020253,1.011303,-1.012113,2.39477,174.3717,17.64857,pending_pulling,Ground,
2019-08-12T15:42:52.5771490,Strong,,-1.568827,0.5671896,-0.09454584,85.21664,291.2834,193.7754,-1.113071,0.9257187,-1.424483,357.9153,337.1479,27.45738,-0.9009553,1.008016,-1.012286,3.67024,173.4576,18.52876,pending_pulling,Ground,
2019-08-12T15:42:52.5960990,Strong,,-1.568933,0.5673765,-0.09465575,85.21632,291.1703,193.6712,-1.112773,0.9256578,-1.42465,357.9036,337.1353,27.47662,-0.9010813,1.005361,-1.012113,4.677892,172.7495,19.26491,pending_pulling,Ground,
2019-08-12T15:42:52.6200410,Strong,,-1.569073,0.5672739,-0.09474039,85.22168,291.2642,193.7519,-1.11281,0.9255213,-1.424769,357.8909,337.1397,27.48694,-0.9012123,1.003121,-1.011797,5.423907,172.2025,19.82355,pending_pulling,Ground,
2019-08-12T15:42:52.6429730,Strong,,-1.569023,0.5672919,-0.09473544,85.20711,291.2906,193.7884,-1.112399,0.9255011,-1.424848,357.8613,337.1283,27.52306,-0.9008231,1.001372,-1.011435,6.191728,171.7613,20.36403,pending_pulling,Ground,
2019-08-12T15:42:52.6639270,Strong,,-1.569143,0.5672942,-0.09462708,85.22533,291.3292,193.8273,-1.112065,0.9253239,-1.425022,357.845,337.1146,27.55174,-0.9007239,1.001052,-1.011122,6.525734,171.6355,20.71631,pending_pulling,Ground,
2019-08-12T15:42:52.6858600,Strong,,-1.569009,0.5673308,-0.09473753,85.22282,291.3089,193.7882,-1.111977,0.9253826,-1.424909,357.8733,337.1744,27.54275,-0.9007788,1.001535,-1.01053,6.843835,171.6423,21.52462,pending_pulling,Ground,
2019-08-12T15:42:52.7087980,Strong,,-1.56915,0.5672536,-0.09481192,85.22151,291.2011,193.6958,-1.111911,0.9249901,-1.424933,357.8268,337.1791,27.54461,-0.9014854,1.000807,-1.009371,6.998079,171.8265,22.25134,pending_pulling,Ground,
2019-08-12T15:42:52.7317380,Strong,,-1.569031,0.5671439,-0.09480894,85.21128,291.2,193.6896,-1.111698,0.9249699,-1.42492,357.8105,337.1901,27.54631,-0.9017732,0.9995046,-1.008388,6.929051,172.0079,22.56608,pending_pulling,Ground,
2019-08-12T15:42:52.7526800,Strong,,-1.568868,0.5670815,-0.09461355,85.19975,291.1711,193.6457,-1.111467,0.9250901,-1.424719,357.7671,337.2073,27.55081,-0.9016268,0.9979767,-1.007177,6.482709,172.2882,22.39338,pending_pulling,Ground,
2019-08-12T15:42:52.7776140,Strong,,-1.568823,0.567111,-0.09453773,85.2103,291.1921,193.6819,-1.111698,0.925049,-1.424625,357.7323,337.2247,27.5334,-0.9011294,0.9961599,-1.006689,6.166409,172.6483,21.7923,pending_pulling,Ground,
2019-08-12T15:42:52.7975620,Strong,,-1.568686,0.5671079,-0.09461039,85.18989,291.1123,193.5891,-1.111271,0.9249057,-1.42484,357.7381,337.2549,27.50276,-0.9005179,0.9947311,-1.006867,5.998703,173.0832,21.22993,pending_pulling,Ground,
2019-08-12T15:42:52.8204990,Strong,,-1.568791,0.5670693,-0.0947215,85.20201,291.0921,193.5897,-1.112164,0.9251701,-1.424648,357.695,337.2779,27.48617,-0.8998964,0.9930769,-1.006738,5.749372,173.7163,20.47391,pending_pulling,Ground,
2019-08-12T15:42:52.8424400,Strong,,-1.568721,0.5671421,-0.09470487,85.21423,291.2734,193.7659,-1.112219,0.9252775,-1.424659,357.6169,337.288,27.50016,-0.8997805,0.9920411,-1.006426,5.696817,174.0689,20.06192,pending_pulling,Ground,
2019-08-12T15:42:52.8653780,Strong,,-1.568808,0.5672786,-0.09479219,85.21987,291.1732,193.6606,-1.111822,0.9249196,-1.424948,357.6004,337.2901,27.54679,-0.9001716,0.991304,-1.005742,5.812964,174.2439,19.88096,pending_pulling,Ground,
2019-08-12T15:42:52.8883330,Strong,,-1.568958,0.5672284,-0.09477234,85.20846,291.2009,193.6717,-1.112194,0.9250417,-1.424824,357.6666,337.2617,27.57307,-0.9011894,0.9907466,-1.00479,5.768461,174.1189,19.7019,pending_pulling,Ground,
2019-08-12T15:42:52.9102580,Strong,,-1.568904,0.5672457,-0.09476995,85.2009,291.3215,193.7982,-1.112576,0.9252424,-1.424685,357.7437,337.244,27.57713,-0.9019474,0.9907908,-1.003936,5.57802,173.993,19.3173,pending_pulling,Ground,
2019-08-12T15:42:52.9322030,Strong,,-1.568847,0.56718,-0.09478992,85.20785,291.2001,193.6828,-1.112471,0.9253886,-1.424903,357.814,337.2346,27.59981,-0.902265,0.9903105,-1.003327,5.392059,173.8606,18.94827,pending_pulling,Ground,
2019-08-12T15:42:52.9541430,Strong,,-1.569011,0.56707,-0.09487754,85.21398,291.2464,193.7325,-1.113117,0.9256846,-1.424779,357.8007,337.1752,27.61926,-0.9032508,0.9893874,-1.003064,4.944633,173.6906,18.66363,pending_pulling,Ground,
2019-08-12T15:42:52.9780840,Strong,,-1.568944,0.5671148,-0.09485817,85.21243,291.2386,193.7178,-1.112673,0.9256966,-1.424608,357.7465,337.1522,27.598,-0.9039473,0.9887018,-1.002294,4.679963,173.6382,18.57283,pending_pulling,Ground,
2019-08-12T15:42:53.0020150,Strong,,-1.569085,0.567104,-0.09474409,85.21803,291.1749,193.6691,-1.112056,0.9254592,-1.424762,357.6442,337.1564,27.5337,-0.9041904,0.9885175,-1.001994,4.38309,173.498,18.57182,pending_pulling,Ground,
2019-08-12T15:42:53.0259510,Strong,,-1.569034,0.56699,-0.09479475,85.20841,291.1834,193.6575,-1.112474,0.9254625,-1.424512,357.565,337.2249,27.43374,-0.9042733,0.987807,-1.001858,4.018394,173.3278,18.62227,pending_pulling,Ground,
2019-08-12T15:42:53.0449010,Strong,,-1.569082,0.5669863,-0.09463799,85.20049,291.0895,193.5763,-1.112572,0.9255544,-1.424247,357.5199,337.276,27.33617,-0.9048536,0.9870536,-1.002014,3.676041,173.1817,18.52831,pending_pulling,Ground,
2019-08-12T15:42:53.0658440,Strong,,-1.569233,0.5670667,-0.09471822,85.20238,291.2301,193.707